BEGIN TRANSACTION;
CREATE TABLE IF NOT EXISTS "Battles_Guilds" (
	"battleId"	INTEGER,
	"name"	TEXT,
	"id"	TEXT,
	"alliance"	TEXT,
	"allianceId"	TEXT,
	"kills"	INTEGER,
	"deaths"	INTEGER,
	"killFame"	INTEGER
);
CREATE TABLE IF NOT EXISTS "Battles" (
	"battle_id"	INTEGER,
	"time"	TEXT,
	"playerCount"	INTEGER DEFAULT 0,
	"isWinnerG"	INTEGER,
	"winner"	TEXT,
	"winnerId"	TEXT,
	"winnerCount"	INTEGER DEFAULT 0,
	"winnerKills"	INTEGER DEFAULT 0,
	"winnerDeaths"	INTEGER DEFAULT 0,
	"winnerFame"	INTEGER DEFAULT 0,
	"isLoserG"	INTEGER,
	"loser"	TEXT,
	"loserId"	TEXT,
	"loserCount"	INTEGER DEFAULT 0,
	"loserKills"	INTEGER DEFAULT 0,
	"loserDeaths"	INTEGER DEFAULT 0,
	"loserFame"	INTEGER DEFAULT 0,
	"totalKills"	INTEGER DEFAULT 0,
	"totalFame"	INTEGER DEFAULT 0
);
CREATE TABLE IF NOT EXISTS "Battles_Players" (
	"battle_id"	INTEGER,
	"name"	TEXT,
	"id"	TEXT,
	"alliance"	TEXT,
	"allianceId"	TEXT,
	"guild"	TEXT,
	"guildId"	TEXT,
	"kills"	INTEGER,
	"deaths"	INTEGER,
	"killFame"	INTEGER
);
CREATE TABLE IF NOT EXISTS "Events_Victims_Inventory" (
	"event_id"	TEXT,
	"type"	TEXT,
	"count"	INTEGER,
	"quality"	INTEGER
);
CREATE TABLE IF NOT EXISTS "Events_Victims" (
	"event_id"	INTEGER,
	"name"	TEXT,
	"id"	TEXT,
	"guild"	TEXT,
	"guildId"	TEXT,
	"alliance"	TEXT,
	"allianceId"	TEXT,
	"avatar"	TEXT,
	"avatarRing"	TEXT,
	"deathFame"	INTEGER
);
CREATE TABLE IF NOT EXISTS "Events" (
	"event_id"	INTEGER,
	"timeStamp"	TEXT,
	"victimKillFame"	INTEGER,
	"battle_id"	INTEGER
);
CREATE TABLE IF NOT EXISTS "Battles_Alliances" (
	"battle_id"	INTEGER,
	"name"	TEXT,
	"id"	TEXT,
	"kills"	INTEGER,
	"deaths"	INTEGER,
	"killFame"	INTEGER
);
INSERT INTO "Battles_Guilds" VALUES (68178794,'Tidal','E9gCvKSFTiW1jKwcwEEgiQ','SURF','2dPEm_9DTAOFV1JTENHZ8g',1,0,6795);
INSERT INTO "Battles_Guilds" VALUES (68178794,'Tea Party','BJX2ag6YTvGxo_wFRhjfig','','',0,0,1818);
INSERT INTO "Battles_Guilds" VALUES (68178794,'Intersection','o1gyaMz0Swyr5Fba1DXU1w','AGS','8hGHx2NPQ52eQ5hiMs7YPw',0,3,0);
INSERT INTO "Battles_Guilds" VALUES (68178794,'OnePunchMan','jm0l1RNlQhWeHvn1KpBA8w','WJCNM','AGvkJVclQuqsSTl0CyxAvg',0,0,1818);
INSERT INTO "Battles_Guilds" VALUES (68178794,'Roll Back','LXfjEj7nTYG8toKzOWHw1w','MOBS','bNXe7t6rSXuPO0GbvpkMnA',1,0,6795);
INSERT INTO "Battles_Guilds" VALUES (68178794,'Bunch of Rats','jfVCyUswTwWplwdUVwl23w','TMNT','bgbI1c5yR4KCDNSGXg9ogA',1,0,9972);
INSERT INTO "Battles_Guilds" VALUES (68178657,'Crimson Imperium Reborn','upkzMP-iSqSfYEPJou9mSA','POE','aE8QATe2RUCJU0d23y_w2w',4,0,53376);
INSERT INTO "Battles_Guilds" VALUES (68178657,'Crimson Imperium Newborn','tHbPKxKeTTOflI_OC1puUg','POE','aE8QATe2RUCJU0d23y_w2w',1,0,13344);
INSERT INTO "Battles_Guilds" VALUES (68178657,'Take Care','x8pr49RnSimilkapwLA3SQ','1941','cP1ObDONQTOEx5W7KqZQKw',0,5,0);
INSERT INTO "Battles_Guilds" VALUES (68178464,'RANG','nZ53J79DRNCsfr7AewPAwg','','',3,0,277420);
INSERT INTO "Battles_Guilds" VALUES (68178464,'DVOSTOK','O7vkvrGJQJ-eeIoC2hQy5g','SEA','lLWO9hnUTjy_cAduk0Zelw',0,1,0);
INSERT INTO "Battles_Guilds" VALUES (68178464,'Bangkok','2Il1yWlyTdS21Qc8VFz6Nw','MOBS','bNXe7t6rSXuPO0GbvpkMnA',0,2,0);
INSERT INTO "Battles_Guilds" VALUES (68178274,'HustlinHitmans','2VCzFKvbTFKiKRUhQjjw1w','POE','aE8QATe2RUCJU0d23y_w2w',2,0,36872);
INSERT INTO "Battles_Guilds" VALUES (68178274,'Agresor','D13iPs9mTlKokUjiXY5mwg','','',2,0,9218);
INSERT INTO "Battles_Guilds" VALUES (68178274,'T I M E L E S S','c9vtqe3QRBmvsYRhSbnw4A','AGRO','K0LYGzcfSReQp4pt6c0sCQ',0,3,0);
INSERT INTO "Battles_Guilds" VALUES (68178274,'Savage','UmOHTkemT4SzQ2MMAMDVqg','AGRO','K0LYGzcfSReQp4pt6c0sCQ',0,1,0);
INSERT INTO "Battles_Guilds" VALUES (68178247,'Unparalleled','g63FSSIaTh2ojk3b_suNIg','','',3,0,43236);
INSERT INTO "Battles_Guilds" VALUES (68178247,'Prets','H-_Eq8U1QZyQli3ulVdtqw','POE','aE8QATe2RUCJU0d23y_w2w',0,1,0);
INSERT INTO "Battles_Guilds" VALUES (68178247,'Make Albion Great Again','hrkeKHALTRGoSfsc0zupHA','BEE','T5Qh7oogTTWKzr9HhUxX_w',0,1,0);
INSERT INTO "Battles_Guilds" VALUES (68178247,'Final Order','LKYQ8b0mTvaPk0LxVny5UQ','SEND','oU5RS9WOTdaw8JgfbBK7wA',0,0,7659);
INSERT INTO "Battles_Guilds" VALUES (68178206,'JUST4 FUN','fIOGML66TxCinR7-HSaIrA','MOBS','bNXe7t6rSXuPO0GbvpkMnA',6,0,687189);
INSERT INTO "Battles_Guilds" VALUES (68178206,'Garuda','-Cx4tJsPSQaWAIhS5Y6GoQ','SEA','lLWO9hnUTjy_cAduk0Zelw',0,6,0);
INSERT INTO "Battles_Guilds" VALUES (68178201,'Hammer And Sickle','1W4jhGG0QVWM93A1CcxxSg','POE','aE8QATe2RUCJU0d23y_w2w',3,0,38151);
INSERT INTO "Battles_Guilds" VALUES (68178201,'Black Forge Orcs','oXAMQGdUQxKjK0j3gVSCGw','ARCH','hRqowi9bTw6o44R0bsmIUw',1,0,38151);
INSERT INTO "Battles_Guilds" VALUES (68178201,'Awful Company','61yii28pRoWZXbNnkk4rUw','ARCH','hRqowi9bTw6o44R0bsmIUw',0,1,0);
INSERT INTO "Battles_Guilds" VALUES (68178201,'Ss66sS','LvR6Kq28QS2xtIc3HBexlQ','','',0,1,0);
INSERT INTO "Battles_Guilds" VALUES (68178201,'Take Care','x8pr49RnSimilkapwLA3SQ','1941','cP1ObDONQTOEx5W7KqZQKw',0,1,0);
INSERT INTO "Battles_Guilds" VALUES (68178201,'Worms Army','zHRuADcARxumK0bLvAV7bA','','',0,0,38151);
INSERT INTO "Battles_Guilds" VALUES (68178201,'RAQ','DOqj5AMlQPO_BR-rK7ERtw','','',0,0,38151);
INSERT INTO "Battles_Guilds" VALUES (68178201,'RUSSIAN EMPIRE','o4wmeL-HSNCCpwihRfOaZg','','',0,1,0);
INSERT INTO "Battles_Guilds" VALUES (68178169,'Bacon Bits','PVBhR-T6Rf-D1z43umVQ_g','BACON','YTDHbAP-SA2l7cjRviSGJg',0,2,0);
INSERT INTO "Battles_Guilds" VALUES (68178169,'Heroes Del Silencio','mXUs-S--RFeOtD_OYeMrYw','','',0,2,0);
INSERT INTO "Battles_Guilds" VALUES (68178169,'Final Order','LKYQ8b0mTvaPk0LxVny5UQ','SEND','oU5RS9WOTdaw8JgfbBK7wA',3,0,191153);
INSERT INTO "Battles_Guilds" VALUES (68178169,'Banana Tem Potassio','rEBaWn7KQyCxQkYR1S7jow','BACON','YTDHbAP-SA2l7cjRviSGJg',0,1,0);
INSERT INTO "Battles_Guilds" VALUES (68178169,'Overlooked','4BjJDixkQt6Fki4w2OKwLw','','',2,0,70831);
INSERT INTO "Battles_Guilds" VALUES (68178074,'The Creamery','YWcWkZ9rSQeMCVkkvuAAVA','','',0,3,0);
INSERT INTO "Battles_Guilds" VALUES (68178074,'Bursztynowy Kartel','z2jnusGLRIqF0oT_-tOTKg','LIONS','JUFJMAiQT6K3AXxp90QThQ',4,0,14665);
INSERT INTO "Battles_Guilds" VALUES (68177966,'Crimson Imperium Reborn','upkzMP-iSqSfYEPJou9mSA','POE','aE8QATe2RUCJU0d23y_w2w',1,0,47268);
INSERT INTO "Battles_Guilds" VALUES (68177966,'Crimson Imperium Newborn','tHbPKxKeTTOflI_OC1puUg','POE','aE8QATe2RUCJU0d23y_w2w',4,0,11817);
INSERT INTO "Battles_Guilds" VALUES (68177966,'TakeCare','2FoZ7LTiQWOCm2BpdmTvBQ','1941','cP1ObDONQTOEx5W7KqZQKw',0,1,0);
INSERT INTO "Battles_Guilds" VALUES (68177966,'Fear Nothing Risk Everything','sNOvgCn7QI-c73yYIjCilg','','',0,1,0);
INSERT INTO "Battles_Guilds" VALUES (68177966,'Overlooked','4BjJDixkQt6Fki4w2OKwLw','','',0,2,0);
INSERT INTO "Battles_Guilds" VALUES (68177891,'Tidal','E9gCvKSFTiW1jKwcwEEgiQ','SURF','2dPEm_9DTAOFV1JTENHZ8g',0,1,0);
INSERT INTO "Battles_Guilds" VALUES (68177891,'sex with ex','CyphOpOZTFuqRTS-hRO2hg','','',2,0,109963);
INSERT INTO "Battles_Guilds" VALUES (68177891,'BloodLusts','bV1WkdyhQLGrN4YW2IRpJQ','ARCH','hRqowi9bTw6o44R0bsmIUw',0,1,0);
INSERT INTO "Battles_Guilds" VALUES (68177891,'Tea Party','BJX2ag6YTvGxo_wFRhjfig','','',1,0,82118);
INSERT INTO "Battles_Guilds" VALUES (68177891,'Target','F4K9lC8mTSi5MchYkziYrA','','',1,0,29713);
INSERT INTO "Battles_Guilds" VALUES (68177891,'OnePunchMan','jm0l1RNlQhWeHvn1KpBA8w','WJCNM','AGvkJVclQuqsSTl0CyxAvg',0,1,0);
INSERT INTO "Battles_Guilds" VALUES (68177891,'Final Order','LKYQ8b0mTvaPk0LxVny5UQ','SEND','oU5RS9WOTdaw8JgfbBK7wA',1,1,40125);
INSERT INTO "Battles_Guilds" VALUES (68177891,'Roll Back','LXfjEj7nTYG8toKzOWHw1w','MOBS','bNXe7t6rSXuPO0GbvpkMnA',0,1,0);
INSERT INTO "Battles_Guilds" VALUES (68177840,'Unparalleled','g63FSSIaTh2ojk3b_suNIg','','',2,1,11466);
INSERT INTO "Battles_Guilds" VALUES (68177840,'Prets','H-_Eq8U1QZyQli3ulVdtqw','POE','aE8QATe2RUCJU0d23y_w2w',1,1,48754);
INSERT INTO "Battles_Guilds" VALUES (68177840,'Final Order','LKYQ8b0mTvaPk0LxVny5UQ','SEND','oU5RS9WOTdaw8JgfbBK7wA',0,0,4840);
INSERT INTO "Battles_Guilds" VALUES (68177774,'The Business of Empire','aXmzT-QuRDqalPeQ1ABLJA','','',0,1,0);
INSERT INTO "Battles_Guilds" VALUES (68177774,'TriHards','QdoeMplAQbCzglO3Ee4viA','ARCH','hRqowi9bTw6o44R0bsmIUw',3,0,20341);
INSERT INTO "Battles_Guilds" VALUES (68177774,'Martlock Syndicate','M9Xy3I_gQbWwLkrZaro1CA','','',0,1,0);
INSERT INTO "Battles_Guilds" VALUES (68177763,'HustlinHitmans','2VCzFKvbTFKiKRUhQjjw1w','POE','aE8QATe2RUCJU0d23y_w2w',1,0,50146);
INSERT INTO "Battles_Guilds" VALUES (68177763,'ArdoR','FAJpzZ-eTOKnxdP-QtPqJw','rBr','63BweWArR9qXmkZh1vs70A',0,0,9814);
INSERT INTO "Battles_Guilds" VALUES (68177763,'CRUZADOS','gMQS6v6cTSOgwwP9YNhb2g','FUR','EM6ZKSFLSNW2mnA_BKwILQ',1,0,7992);
INSERT INTO "Battles_Guilds" VALUES (68177763,'Our Guild','pEKHHELCQb2pGRqukfJ2cg','BEE','T5Qh7oogTTWKzr9HhUxX_w',0,1,0);
INSERT INTO "Battles_Guilds" VALUES (68177763,'UFA','kPe87J6jQ7iqrdXz5Az4qw','','',1,0,19628);
INSERT INTO "Battles_Guilds" VALUES (68177763,'KHAOS','-4YxIHwIRIG__EcWZ1F3Ew','SEA','lLWO9hnUTjy_cAduk0Zelw',1,3,70060);
INSERT INTO "Battles_Guilds" VALUES (68177742,'Saints of Yggdrasil','pYoyRbhYSJqAfeF3neqSuQ','','',2,1,193020);
INSERT INTO "Battles_Guilds" VALUES (68177742,'sky legion','mzqbPVH1QzCz5b4CqJRIYQ','','',1,2,79440);
INSERT INTO "Battles_Guilds" VALUES (68177729,'El Cartel Hispano','v_T4c8ayTmigIpMVLsTQGA','LAUGH','KzU2GJx2TVePNhCx3CnSwA',3,0,16272);
INSERT INTO "Battles_Guilds" VALUES (68177729,'Ledger','NWW4uQW3SpGd_ey6sx41mQ','','',0,2,0);
INSERT INTO "Battles_Guilds" VALUES (68177558,'JUST4 FUN','fIOGML66TxCinR7-HSaIrA','MOBS','bNXe7t6rSXuPO0GbvpkMnA',3,0,216519);
INSERT INTO "Battles_Guilds" VALUES (68177558,'Garuda','-Cx4tJsPSQaWAIhS5Y6GoQ','SEA','lLWO9hnUTjy_cAduk0Zelw',0,2,0);
INSERT INTO "Battles_Guilds" VALUES (68177505,'Black Forge Orcs','oXAMQGdUQxKjK0j3gVSCGw','ARCH','hRqowi9bTw6o44R0bsmIUw',2,0,35889);
INSERT INTO "Battles_Guilds" VALUES (68177505,'Hammer And Sickle','1W4jhGG0QVWM93A1CcxxSg','POE','aE8QATe2RUCJU0d23y_w2w',1,0,35889);
INSERT INTO "Battles_Guilds" VALUES (68177505,'Ss66sS','LvR6Kq28QS2xtIc3HBexlQ','','',0,1,0);
INSERT INTO "Battles_Guilds" VALUES (68177505,'Awful Company','61yii28pRoWZXbNnkk4rUw','ARCH','hRqowi9bTw6o44R0bsmIUw',0,1,0);
INSERT INTO "Battles_Guilds" VALUES (68177505,'Take Care','x8pr49RnSimilkapwLA3SQ','1941','cP1ObDONQTOEx5W7KqZQKw',0,1,0);
INSERT INTO "Battles_Guilds" VALUES (68177505,'Worms Army','zHRuADcARxumK0bLvAV7bA','','',0,0,35889);
INSERT INTO "Battles_Guilds" VALUES (68177505,'RAQ','DOqj5AMlQPO_BR-rK7ERtw','','',0,0,35889);
INSERT INTO "Battles_Guilds" VALUES (68177404,'The Bandits Clan','XUOPpkaYSGSxGJt7UC-hPg','RUSH','t3rQr1yPSlSb2L0PwP6RzQ',0,1,53097);
INSERT INTO "Battles_Guilds" VALUES (68177404,'Albion Choppers','56LvSeo5SYi8EauOGQVTBA','ARCH','hRqowi9bTw6o44R0bsmIUw',1,1,53097);
INSERT INTO "Battles_Guilds" VALUES (68177404,'OnePunchMan','jm0l1RNlQhWeHvn1KpBA8w','WJCNM','AGvkJVclQuqsSTl0CyxAvg',2,1,262090);
INSERT INTO "Battles_Guilds" VALUES (68177358,'Black 0rder','noSyqo_MT72CrfPgQedI1A','','',1,5,30655);
INSERT INTO "Battles_Guilds" VALUES (68177358,'RANG','nZ53J79DRNCsfr7AewPAwg','','',5,1,164550);
INSERT INTO "Battles_Guilds" VALUES (68177339,'JOD','b_-IFM6kRWyToVdaZymJ7Q','GBR','WGp8bBGYQoO1bQV0DwCmlA',1,0,48718);
INSERT INTO "Battles_Guilds" VALUES (68177339,'Albion Choppers','56LvSeo5SYi8EauOGQVTBA','ARCH','hRqowi9bTw6o44R0bsmIUw',1,0,13954);
INSERT INTO "Battles_Guilds" VALUES (68177339,'BOCXOD','SUEffCr3QIycm_KXQbrRUA','GBR','WGp8bBGYQoO1bQV0DwCmlA',1,0,25624);
INSERT INTO "Battles_Guilds" VALUES (68177339,'DVOSTOK','O7vkvrGJQJ-eeIoC2hQy5g','SEA','lLWO9hnUTjy_cAduk0Zelw',0,2,0);
INSERT INTO "Battles_Guilds" VALUES (68177277,'Njordheim','geXiSf3tS1yZDF6j4t35ww','S8','mBWLvxChQ3-rIy_SKFSaoA',3,0,43947);
INSERT INTO "Battles_Guilds" VALUES (68177277,'FURIAN','MKVOK6V9QuqAJ6IV1kKLJA','','',0,1,0);
INSERT INTO "Battles_Guilds" VALUES (68177277,'Resonance','QQjVRyFTSI-NpsqHbHuDPg','','',0,0,43947);
INSERT INTO "Battles_Guilds" VALUES (68177277,'Fist of the Everchosen','n2fgNOCjR2CYvFlSVJPd8Q','','',0,2,0);
INSERT INTO "Battles_Guilds" VALUES (68177187,'Californication','4LmpCR5FSUWIcXT-YRSBzw','','',1,2,19356);
INSERT INTO "Battles_Guilds" VALUES (68177187,'Legion Extranjera','U9QwSO14SoOX-zCXa93Y-g','','',1,0,77470);
INSERT INTO "Battles_Guilds" VALUES (68177187,'Last Warn','xhXC2RlDRP6X9DsZhjXi_w','','',1,1,91115);
INSERT INTO "Battles_Guilds" VALUES (68177182,'BloodLusts','bV1WkdyhQLGrN4YW2IRpJQ','ARCH','hRqowi9bTw6o44R0bsmIUw',1,0,0);
INSERT INTO "Battles_Guilds" VALUES (68177182,'TriHards','QdoeMplAQbCzglO3Ee4viA','ARCH','hRqowi9bTw6o44R0bsmIUw',2,0,0);
INSERT INTO "Battles_Guilds" VALUES (68177153,'AP0LAKI','l-TAEjQNR9KcIbLXKiANyg','','',1,0,95241);
INSERT INTO "Battles_Guilds" VALUES (68177153,'Patrulha da Noite','QJWC6LPRSyKy9QC69FiaFQ','','',1,3,35352);
INSERT INTO "Battles_Guilds" VALUES (68177153,'Bunch of Wild Monkeys','78n6ueoxSmuMkfE6-TlxPg','','',2,0,31747);
INSERT INTO "Battles_Guilds" VALUES (68176987,'Agresor','D13iPs9mTlKokUjiXY5mwg','','',1,0,4672);
INSERT INTO "Battles_Guilds" VALUES (68176987,'HustlinHitmans','2VCzFKvbTFKiKRUhQjjw1w','POE','aE8QATe2RUCJU0d23y_w2w',4,0,25825);
INSERT INTO "Battles_Guilds" VALUES (68176987,'TakeCare','2FoZ7LTiQWOCm2BpdmTvBQ','1941','cP1ObDONQTOEx5W7KqZQKw',0,1,0);
INSERT INTO "Battles_Guilds" VALUES (68176987,'Fear Nothing Risk Everything','sNOvgCn7QI-c73yYIjCilg','','',0,1,0);
INSERT INTO "Battles_Guilds" VALUES (68176987,'Overlooked','4BjJDixkQt6Fki4w2OKwLw','','',0,2,0);
INSERT INTO "Battles_Guilds" VALUES (68176936,'Tidal','E9gCvKSFTiW1jKwcwEEgiQ','SURF','2dPEm_9DTAOFV1JTENHZ8g',1,0,9129);
INSERT INTO "Battles_Guilds" VALUES (68176936,'Tea Party','BJX2ag6YTvGxo_wFRhjfig','','',0,0,9129);
INSERT INTO "Battles_Guilds" VALUES (68176936,'OnePunchMan','jm0l1RNlQhWeHvn1KpBA8w','WJCNM','AGvkJVclQuqsSTl0CyxAvg',0,0,9129);
INSERT INTO "Battles_Guilds" VALUES (68176936,'RAQ','DOqj5AMlQPO_BR-rK7ERtw','','',0,5,0);
INSERT INTO "Battles_Guilds" VALUES (68176936,'Roll Back','LXfjEj7nTYG8toKzOWHw1w','MOBS','bNXe7t6rSXuPO0GbvpkMnA',1,0,9129);
INSERT INTO "Battles_Guilds" VALUES (68176936,'Bunch of Rats','jfVCyUswTwWplwdUVwl23w','TMNT','bgbI1c5yR4KCDNSGXg9ogA',3,0,9129);
INSERT INTO "Battles_Guilds" VALUES (68176852,'Black Forge Orcs','oXAMQGdUQxKjK0j3gVSCGw','ARCH','hRqowi9bTw6o44R0bsmIUw',0,1,0);
INSERT INTO "Battles_Guilds" VALUES (68176852,'Awful Company 42069','Yj9iCUM9TeSlSyRuaiXV7A','ARCH','hRqowi9bTw6o44R0bsmIUw',0,1,0);
INSERT INTO "Battles_Guilds" VALUES (68176852,'L I N A J E','wqY5pVW5TzySTr7pbEnaMg','ARCH','hRqowi9bTw6o44R0bsmIUw',0,8,0);
INSERT INTO "Battles_Guilds" VALUES (68176852,'Iron Hand','-XLLAI9hTP6wvJM8kIVY5g','ARCH','hRqowi9bTw6o44R0bsmIUw',0,2,0);
INSERT INTO "Battles_Guilds" VALUES (68176852,'Last Warn','xhXC2RlDRP6X9DsZhjXi_w','','',12,0,198145);
INSERT INTO "Battles_Guilds" VALUES (68176765,'sex with ex','CyphOpOZTFuqRTS-hRO2hg','','',3,0,25224);
INSERT INTO "Battles_Guilds" VALUES (68176765,'Target','F4K9lC8mTSi5MchYkziYrA','','',1,0,8408);
INSERT INTO "Battles_Guilds" VALUES (68176765,'Bursztynowy Kartel','z2jnusGLRIqF0oT_-tOTKg','LIONS','JUFJMAiQT6K3AXxp90QThQ',0,5,0);
INSERT INTO "Battles_Guilds" VALUES (68176765,'Final Order','LKYQ8b0mTvaPk0LxVny5UQ','SEND','oU5RS9WOTdaw8JgfbBK7wA',1,0,8408);
INSERT INTO "Battles_Guilds" VALUES (68176668,'Black Forge Orcs','oXAMQGdUQxKjK0j3gVSCGw','ARCH','hRqowi9bTw6o44R0bsmIUw',2,0,40811);
INSERT INTO "Battles_Guilds" VALUES (68176668,'Hammer And Sickle','1W4jhGG0QVWM93A1CcxxSg','POE','aE8QATe2RUCJU0d23y_w2w',1,0,40811);
INSERT INTO "Battles_Guilds" VALUES (68176668,'Worms Army','zHRuADcARxumK0bLvAV7bA','','',0,0,40811);
INSERT INTO "Battles_Guilds" VALUES (68176668,'RANG','nZ53J79DRNCsfr7AewPAwg','','',1,4,95209);
INSERT INTO "Battles_Guilds" VALUES (68176668,'RAQ','DOqj5AMlQPO_BR-rK7ERtw','','',0,0,40811);
INSERT INTO "Battles_Guilds" VALUES (68176650,'Cxl','9Zd0kC--SjyOd5pYCTrYdQ','ARCH','hRqowi9bTw6o44R0bsmIUw',0,0,43049);
INSERT INTO "Battles_Guilds" VALUES (68176650,'Awful Company','61yii28pRoWZXbNnkk4rUw','ARCH','hRqowi9bTw6o44R0bsmIUw',3,0,86098);
INSERT INTO "Battles_Guilds" VALUES (68176650,'TriHards','QdoeMplAQbCzglO3Ee4viA','ARCH','hRqowi9bTw6o44R0bsmIUw',0,1,12776);
INSERT INTO "Battles_Guilds" VALUES (68176650,'Legion Extranjera','U9QwSO14SoOX-zCXa93Y-g','','',1,3,27832);
INSERT INTO "Battles_Guilds" VALUES (68176546,'Formosa Rangers','khGGFWZBRHuEoGzIOaTQ6g','SEA','lLWO9hnUTjy_cAduk0Zelw',4,0,312096);
INSERT INTO "Battles_Guilds" VALUES (68176546,'Aesir Industries','2L9cWRbvRyWp-m53Ozw1gQ','','',0,2,0);
INSERT INTO "Battles_Guilds" VALUES (68176546,'Sancta Inquisitio','odCRM1UIT_GL_rqpDjHBnw','','',0,2,0);
INSERT INTO "Battles_Guilds" VALUES (68176464,'Heroes Del Silencio','mXUs-S--RFeOtD_OYeMrYw','','',3,0,55698);
INSERT INTO "Battles_Guilds" VALUES (68176464,'Jarldom Of Carldric','IfsfIDvzRlar4N0CSSp3Zw','VOICE','elLRA-LKQ1yJlshWVPOALw',0,1,0);
INSERT INTO "Battles_Guilds" VALUES (68176464,'Orden Del Caos','G-6_TXhxTFWeTBa7tQF2ag','YOU','LBTSihgiTZ-4ip-mX8E24Q',0,1,0);
INSERT INTO "Battles_Guilds" VALUES (68176464,'The Young Turks','Bn75X_umQG2bknOIw9RDFw','','',0,1,0);
INSERT INTO "Battles_Guilds" VALUES (68176163,'HustlinHitmans','2VCzFKvbTFKiKRUhQjjw1w','POE','aE8QATe2RUCJU0d23y_w2w',3,0,141790);
INSERT INTO "Battles_Guilds" VALUES (68176163,'Target','F4K9lC8mTSi5MchYkziYrA','','',2,1,262040);
INSERT INTO "Battles_Guilds" VALUES (68176163,'Agresor','D13iPs9mTlKokUjiXY5mwg','','',0,2,24085);
INSERT INTO "Battles_Guilds" VALUES (68176163,'ESpire','F1YRBJEQRFOb1oYgUtw9Ug','BACON','YTDHbAP-SA2l7cjRviSGJg',0,1,0);
INSERT INTO "Battles_Guilds" VALUES (68176163,'Our Guild','pEKHHELCQb2pGRqukfJ2cg','BEE','T5Qh7oogTTWKzr9HhUxX_w',1,0,23226);
INSERT INTO "Battles_Guilds" VALUES (68176163,'GTs Home','4ppCMeFUTB2FmlKKxK1Mnw','','',2,0,346391);
INSERT INTO "Battles_Guilds" VALUES (68176163,'TCero','KmJS7qL1T3uo-hrs_uTSdw','','',0,1,0);
INSERT INTO "Battles_Guilds" VALUES (68176163,'RANG','nZ53J79DRNCsfr7AewPAwg','','',1,1,283770);
INSERT INTO "Battles_Guilds" VALUES (68176163,'KHAOS','-4YxIHwIRIG__EcWZ1F3Ew','SEA','lLWO9hnUTjy_cAduk0Zelw',6,7,147350);
INSERT INTO "Battles_Guilds" VALUES (68176163,'La Orden de los Istaris','41N2gUa7RWibw68aGoDIbQ','','',1,1,49045);
INSERT INTO "Battles_Guilds" VALUES (68176125,'O n e P i e c e','a4NGROkDTjSykf1bLCInwA','BACON','YTDHbAP-SA2l7cjRviSGJg',0,1,0);
INSERT INTO "Battles_Guilds" VALUES (68176125,'REPUBLIKA NG PILIPINAS','F0MFIeHPQRqFaz-C-M5Tyw','','',4,0,163184);
INSERT INTO "Battles_Guilds" VALUES (68176125,'Awful Company','61yii28pRoWZXbNnkk4rUw','ARCH','hRqowi9bTw6o44R0bsmIUw',0,0,40796);
INSERT INTO "Battles_Guilds" VALUES (68176125,'The Ruthless Seven','_V1WgRiSS9aqi1elPm_2nA','BACON','YTDHbAP-SA2l7cjRviSGJg',0,3,0);
INSERT INTO "Battles_Guilds" VALUES (68176034,'Njordheim','geXiSf3tS1yZDF6j4t35ww','S8','mBWLvxChQ3-rIy_SKFSaoA',3,0,225817);
INSERT INTO "Battles_Guilds" VALUES (68176034,'Patrulha da Noite','QJWC6LPRSyKy9QC69FiaFQ','','',0,3,0);
INSERT INTO "Battles_Guilds" VALUES (68175944,'Yaga','JsxEicK3SC2Co8NX96PtAg','xPOE','Cqs1_GJqRgqfHYnhtZb5Xg',0,2,0);
INSERT INTO "Battles_Guilds" VALUES (68175944,'Rage Control','vNjvR2e9Sp2dqLYRhbkpmQ','','',2,0,394949);
INSERT INTO "Battles_Guilds" VALUES (68175944,'Heroes Del Silencio','mXUs-S--RFeOtD_OYeMrYw','','',1,1,361170);
INSERT INTO "Battles_Guilds" VALUES (68175934,'Conflict','f9etJ9tgTVW2LMsA3efITg','','',1,2,26846);
INSERT INTO "Battles_Guilds" VALUES (68175934,'GOSTOP','7RUPfYr5QZGZ6inXy0pefQ','SEA','lLWO9hnUTjy_cAduk0Zelw',2,1,79028);
INSERT INTO "Battles_Guilds" VALUES (68175818,'TheKingsmen','PJ-85h00T1GmxN8UIjbufA','CLAP','XU4UiktARxKl2IcxPXJ9Sg',1,2,69160);
INSERT INTO "Battles_Guilds" VALUES (68175818,'6324upup','hZzz3PKcSNaCQ_amzw83Ng','','',2,1,60318);
INSERT INTO "Battles_Guilds" VALUES (68175785,'sex with ex','CyphOpOZTFuqRTS-hRO2hg','','',2,1,151243);
INSERT INTO "Battles_Guilds" VALUES (68175785,'Target','F4K9lC8mTSi5MchYkziYrA','','',1,0,58091);
INSERT INTO "Battles_Guilds" VALUES (68175785,'Final Order','LKYQ8b0mTvaPk0LxVny5UQ','SEND','oU5RS9WOTdaw8JgfbBK7wA',2,0,58091);
INSERT INTO "Battles_Guilds" VALUES (68175785,'RANG','nZ53J79DRNCsfr7AewPAwg','','',1,5,124070);
INSERT INTO "Battles_Guilds" VALUES (68175694,'Legion Extranjera','U9QwSO14SoOX-zCXa93Y-g','','',1,4,30504);
INSERT INTO "Battles_Guilds" VALUES (68175694,'Last Warn','xhXC2RlDRP6X9DsZhjXi_w','','',4,1,128447);
INSERT INTO "Battles_Guilds" VALUES (68175645,'Agresor','D13iPs9mTlKokUjiXY5mwg','','',1,1,17102);
INSERT INTO "Battles_Guilds" VALUES (68175645,'HustlinHitmans','2VCzFKvbTFKiKRUhQjjw1w','POE','aE8QATe2RUCJU0d23y_w2w',3,4,68408);
INSERT INTO "Battles_Guilds" VALUES (68175645,'Crimson Imperium Reborn','upkzMP-iSqSfYEPJou9mSA','POE','aE8QATe2RUCJU0d23y_w2w',5,3,50314);
INSERT INTO "Battles_Guilds" VALUES (68175645,'Crimson Imperium Newborn','tHbPKxKeTTOflI_OC1puUg','POE','aE8QATe2RUCJU0d23y_w2w',0,1,5980);
INSERT INTO "Battles_Guilds" VALUES (68175637,'Unparalleled','g63FSSIaTh2ojk3b_suNIg','','',0,0,8408);
INSERT INTO "Battles_Guilds" VALUES (68175637,'Bursztynowy Kartel','z2jnusGLRIqF0oT_-tOTKg','LIONS','JUFJMAiQT6K3AXxp90QThQ',0,5,0);
INSERT INTO "Battles_Guilds" VALUES (68175637,'ChadTC','hckc9VvSTd6nV5LZ0XLWzQ','','',1,0,8408);
INSERT INTO "Battles_Guilds" VALUES (68175637,'Bunch of Wild Monkeys','78n6ueoxSmuMkfE6-TlxPg','','',3,0,8408);
INSERT INTO "Battles_Guilds" VALUES (68175637,'RANG','nZ53J79DRNCsfr7AewPAwg','','',1,0,16816);
INSERT INTO "Battles_Guilds" VALUES (68175543,'Target','F4K9lC8mTSi5MchYkziYrA','','',0,1,3735);
INSERT INTO "Battles_Guilds" VALUES (68175543,'Agresor','D13iPs9mTlKokUjiXY5mwg','','',3,0,46760);
INSERT INTO "Battles_Guilds" VALUES (68175543,'HustlinHitmans','2VCzFKvbTFKiKRUhQjjw1w','POE','aE8QATe2RUCJU0d23y_w2w',4,2,351758);
INSERT INTO "Battles_Guilds" VALUES (68175543,'CRUZADOS','gMQS6v6cTSOgwwP9YNhb2g','FUR','EM6ZKSFLSNW2mnA_BKwILQ',0,1,0);
INSERT INTO "Battles_Guilds" VALUES (68175543,'Our Guild','pEKHHELCQb2pGRqukfJ2cg','BEE','T5Qh7oogTTWKzr9HhUxX_w',0,1,0);
INSERT INTO "Battles_Guilds" VALUES (68175543,'GTs Home','4ppCMeFUTB2FmlKKxK1Mnw','','',1,0,3735);
INSERT INTO "Battles_Guilds" VALUES (68175543,'RANG','nZ53J79DRNCsfr7AewPAwg','','',1,0,170376);
INSERT INTO "Battles_Guilds" VALUES (68175543,'TCero','KmJS7qL1T3uo-hrs_uTSdw','','',4,4,172250);
INSERT INTO "Battles_Guilds" VALUES (68175543,'Escola de Albion','6YU4CVNXRGC9PgS96UyM_w','','',0,1,0);
INSERT INTO "Battles_Guilds" VALUES (68175543,'KHAOS','-4YxIHwIRIG__EcWZ1F3Ew','SEA','lLWO9hnUTjy_cAduk0Zelw',5,5,367608);
INSERT INTO "Battles_Guilds" VALUES (68175543,'THE GODZ','YcCyqa3sTvavP_sk2mka6g','','',0,1,0);
INSERT INTO "Battles_Guilds" VALUES (68175543,'La Orden de los Istaris','41N2gUa7RWibw68aGoDIbQ','','',0,2,0);
INSERT INTO "Battles_Guilds" VALUES (68175488,'Final Order','LKYQ8b0mTvaPk0LxVny5UQ','SEND','oU5RS9WOTdaw8JgfbBK7wA',5,0,420789);
INSERT INTO "Battles_Guilds" VALUES (68175488,'Orden Del Caos','G-6_TXhxTFWeTBa7tQF2ag','YOU','LBTSihgiTZ-4ip-mX8E24Q',0,6,0);
INSERT INTO "Battles_Guilds" VALUES (68175488,'Overlooked','4BjJDixkQt6Fki4w2OKwLw','','',1,0,140263);
INSERT INTO "Battles_Guilds" VALUES (68175392,'Take Care','x8pr49RnSimilkapwLA3SQ','1941','cP1ObDONQTOEx5W7KqZQKw',0,4,73365);
INSERT INTO "Battles_Guilds" VALUES (68175392,'MIAU','CMV_jEx8SuiUAr3BeEK33w','TRETA','hT_9XU1wTe6qWeTDJyIpDg',5,1,725434);
INSERT INTO "Battles_Guilds" VALUES (68175392,'TakeCare','2FoZ7LTiQWOCm2BpdmTvBQ','1941','cP1ObDONQTOEx5W7KqZQKw',1,1,44019);
INSERT INTO "Battles_Guilds" VALUES (68175251,'Formosa Rangers','khGGFWZBRHuEoGzIOaTQ6g','SEA','lLWO9hnUTjy_cAduk0Zelw',2,1,15732);
INSERT INTO "Battles_Guilds" VALUES (68175251,'FATUM','W5Tl-yVjT6OZSj3r4kMhFA','LIONS','JUFJMAiQT6K3AXxp90QThQ',1,2,29967);
INSERT INTO "Battles_Guilds" VALUES (68175214,'REPUBLIKA NG PILIPINAS','F0MFIeHPQRqFaz-C-M5Tyw','','',4,0,33632);
INSERT INTO "Battles_Guilds" VALUES (68175214,'Awful Company','61yii28pRoWZXbNnkk4rUw','ARCH','hRqowi9bTw6o44R0bsmIUw',1,0,8408);
INSERT INTO "Battles_Guilds" VALUES (68175214,'Bursztynowy Kartel','z2jnusGLRIqF0oT_-tOTKg','LIONS','JUFJMAiQT6K3AXxp90QThQ',0,5,0);
INSERT INTO "Battles_Guilds" VALUES (68174982,'TurnCoat','v9O6JTpQTcO0r3eFXC1ndg','','',2,1,120686);
INSERT INTO "Battles_Guilds" VALUES (68174982,'The Mighty Beans','d5g7n3EpRHGl-Iazj4_JwA','','',1,2,149082);
INSERT INTO "Battles_Guilds" VALUES (68174934,'Unparalleled','g63FSSIaTh2ojk3b_suNIg','','',3,2,997788);
INSERT INTO "Battles_Guilds" VALUES (68174934,'Final Order','LKYQ8b0mTvaPk0LxVny5UQ','SEND','oU5RS9WOTdaw8JgfbBK7wA',2,2,415075);
INSERT INTO "Battles_Guilds" VALUES (68174934,'Acracia','9iof_NOzS1KsRO-jo3fr_w','ASF','stJFoqfGS0KHTCi1tbSAnw',0,1,0);
INSERT INTO "Battles_Guilds" VALUES (68174900,'Black Flag','YPrm7tyyTNqpTc_fYj6oBA','S8','mBWLvxChQ3-rIy_SKFSaoA',1,0,83640);
INSERT INTO "Battles_Guilds" VALUES (68174900,'FATUM','W5Tl-yVjT6OZSj3r4kMhFA','LIONS','JUFJMAiQT6K3AXxp90QThQ',0,2,0);
INSERT INTO "Battles_Guilds" VALUES (68174900,'Sancta Inquisitio','odCRM1UIT_GL_rqpDjHBnw','','',2,1,15930);
INSERT INTO "Battles_Guilds" VALUES (68178987,'Novus Imperium','Huq0L2RnQFquuH3-LMP0TA','','',0,1,0);
INSERT INTO "Battles_Guilds" VALUES (68178987,'Lymbridge','f1P0HKJaSTaFAF5vg0ZAsA','','',0,1,0);
INSERT INTO "Battles_Guilds" VALUES (68178987,'Orden Del Caos','G-6_TXhxTFWeTBa7tQF2ag','YOU','LBTSihgiTZ-4ip-mX8E24Q',3,0,112787);
INSERT INTO "Battles_Guilds" VALUES (68178962,'HustlinHitmans','2VCzFKvbTFKiKRUhQjjw1w','POE','aE8QATe2RUCJU0d23y_w2w',5,0,50195);
INSERT INTO "Battles_Guilds" VALUES (68178962,'Agresor','D13iPs9mTlKokUjiXY5mwg','','',0,1,4468);
INSERT INTO "Battles_Guilds" VALUES (68178962,'T I M E L E S S','c9vtqe3QRBmvsYRhSbnw4A','AGRO','K0LYGzcfSReQp4pt6c0sCQ',1,4,6840);
INSERT INTO "Battles_Guilds" VALUES (68178962,'Savage','UmOHTkemT4SzQ2MMAMDVqg','AGRO','K0LYGzcfSReQp4pt6c0sCQ',0,1,1710);
INSERT INTO "Battles_Guilds" VALUES (68178867,'Unparalleled','g63FSSIaTh2ojk3b_suNIg','','',8,0,978084);
INSERT INTO "Battles_Guilds" VALUES (68178867,'Firma','wSKKGJO-TuW_sAJqCiyFzg','BEE','T5Qh7oogTTWKzr9HhUxX_w',0,1,0);
INSERT INTO "Battles_Guilds" VALUES (68178867,'MementoMorii','uZT9hBDbQqi3nsfHkfW7vQ','','',1,6,25674);
INSERT INTO "Battles_Guilds" VALUES (68178867,'Final Order','LKYQ8b0mTvaPk0LxVny5UQ','SEND','oU5RS9WOTdaw8JgfbBK7wA',0,1,1553);
INSERT INTO "Battles_Guilds" VALUES (68178867,'Baradise','rmdNQa5QShCkrnk00befvw','MIGHT','HaDJDxUDSRmp3XSDhgR0Iw',0,1,0);
INSERT INTO "Battles_Guilds" VALUES (68178869,'The Solar','BkXMG_z4QcCi4nEGJ3nDbw','LIONS','JUFJMAiQT6K3AXxp90QThQ',2,2,12478);
INSERT INTO "Battles_Guilds" VALUES (68178869,'Dogs Eyes','jm9a2wtIQoaRbbc3E8aKcw','','',0,0,63609);
INSERT INTO "Battles_Guilds" VALUES (68178869,'Los Caballeros de Cristo','7FAyAlI-QmafTRaoeljgIA','PAX','ku0L4BJqRCe3OQhBsio2xA',2,1,127218);
INSERT INTO "Battles_Guilds" VALUES (68178869,'Bangkok','2Il1yWlyTdS21Qc8VFz6Nw','MOBS','bNXe7t6rSXuPO0GbvpkMnA',0,2,0);
INSERT INTO "Battles_Guilds" VALUES (68179233,'Black Forge Orcs','oXAMQGdUQxKjK0j3gVSCGw','ARCH','hRqowi9bTw6o44R0bsmIUw',1,0,212122);
INSERT INTO "Battles_Guilds" VALUES (68179233,'Prets','H-_Eq8U1QZyQli3ulVdtqw','POE','aE8QATe2RUCJU0d23y_w2w',0,2,0);
INSERT INTO "Battles_Guilds" VALUES (68179233,'Albion Choppers','56LvSeo5SYi8EauOGQVTBA','ARCH','hRqowi9bTw6o44R0bsmIUw',1,0,636366);
INSERT INTO "Battles_Guilds" VALUES (68179233,'RAQ','DOqj5AMlQPO_BR-rK7ERtw','','',1,0,212122);
INSERT INTO "Battles_Guilds" VALUES (68179145,'ADRENOCROM','IUiYWFyES06wnXljZc51UQ','','',0,2,0);
INSERT INTO "Battles_Guilds" VALUES (68179145,'Heroes Del Silencio','mXUs-S--RFeOtD_OYeMrYw','','',5,0,125912);
INSERT INTO "Battles_Guilds" VALUES (68179145,'SPIDER GANG','uxK4a50TTKybJW6aH2qm7g','BACON','YTDHbAP-SA2l7cjRviSGJg',0,1,0);
INSERT INTO "Battles_Guilds" VALUES (68179145,'The Bacons','Ee81olaTRcK-hVxsYo9mNA','BACON','YTDHbAP-SA2l7cjRviSGJg',0,2,0);
INSERT INTO "Battles" VALUES (68178794,'2020-02-26T08:24:33.775395400Z',8,NULL,'TMNT:Bunch of Rats;9972',NULL,NULL,NULL,NULL,NULL,NULL,'MOBS:Roll Back;6795',NULL,NULL,NULL,NULL,NULL,3,27198);
INSERT INTO "Battles" VALUES (68178657,'2020-02-26T08:22:43.997057Z',10,NULL,'POE:Crimson Imperium Reborn,Crimson Imperium Newborn;66720',NULL,NULL,NULL,NULL,NULL,NULL,'1941:Take Care;0',NULL,NULL,NULL,NULL,NULL,5,66734);
INSERT INTO "Battles" VALUES (68178464,'2020-02-26T08:19:32.313400400Z',5,NULL,':RANG;277420',NULL,NULL,NULL,NULL,NULL,NULL,'SEA:DVOSTOK;0',NULL,NULL,NULL,NULL,NULL,3,277421);
INSERT INTO "Battles" VALUES (68178274,'2020-02-26T08:16:17.651477300Z',9,NULL,'POE:HustlinHitmans;36872',NULL,NULL,NULL,NULL,NULL,NULL,':Agresor;9218',NULL,NULL,NULL,NULL,NULL,4,46103);
INSERT INTO "Battles" VALUES (68178247,'2020-02-26T08:15:57.680726300Z',11,NULL,':Unparalleled;43236',NULL,NULL,NULL,NULL,NULL,NULL,'SEND:Final Order;7659',NULL,NULL,NULL,NULL,NULL,3,50898);
INSERT INTO "Battles" VALUES (68178206,'2020-02-26T08:15:34.071487600Z',14,NULL,'MOBS:JUST4 FUN;687189',NULL,NULL,NULL,NULL,NULL,NULL,'SEA:Garuda;0',NULL,NULL,NULL,NULL,NULL,6,687215);
INSERT INTO "Battles" VALUES (68178201,'2020-02-26T08:15:31.790628900Z',9,NULL,':Worms Army;38151',NULL,NULL,NULL,NULL,NULL,NULL,':RAQ;38151',NULL,NULL,NULL,NULL,NULL,4,190762);
INSERT INTO "Battles" VALUES (68178169,'2020-02-26T08:15:03.716964500Z',9,NULL,'SEND:Final Order;191153',NULL,NULL,NULL,NULL,NULL,NULL,':Overlooked;70831',NULL,NULL,NULL,NULL,NULL,5,261989);
INSERT INTO "Battles" VALUES (68178074,'2020-02-26T08:13:44.129056Z',9,NULL,'LIONS:Bursztynowy Kartel;14665',NULL,NULL,NULL,NULL,NULL,NULL,':The Creamery;0',NULL,NULL,NULL,NULL,NULL,4,14672);
INSERT INTO "Battles" VALUES (68177966,'2020-02-26T08:12:35.155117600Z',10,NULL,'POE:Crimson Imperium Reborn,Crimson Imperium Newborn;59085',NULL,NULL,NULL,NULL,NULL,NULL,':Fear Nothing Risk Everything;0',NULL,NULL,NULL,NULL,NULL,5,59089);
INSERT INTO "Battles" VALUES (68177891,'2020-02-26T08:11:44.777031100Z',10,NULL,':sex with ex;109963',NULL,NULL,NULL,NULL,NULL,NULL,':Tea Party;82118',NULL,NULL,NULL,NULL,NULL,5,261928);
INSERT INTO "Battles" VALUES (68177840,'2020-02-26T08:10:54.585265100Z',6,NULL,'POE:Prets;48754',NULL,NULL,NULL,NULL,NULL,NULL,':Unparalleled;11466',NULL,NULL,NULL,NULL,NULL,3,113817);
INSERT INTO "Battles" VALUES (68177774,'2020-02-26T08:10:02.045207100Z',4,NULL,'ARCH:TriHards;20341',NULL,NULL,NULL,NULL,NULL,NULL,':The Business of Empire;0',NULL,NULL,NULL,NULL,NULL,3,20341);
INSERT INTO "Battles" VALUES (68177763,'2020-02-26T08:09:58.295722100Z',13,NULL,'SEA:KHAOS;70060',NULL,NULL,NULL,NULL,NULL,NULL,'POE:HustlinHitmans;50146',NULL,NULL,NULL,NULL,NULL,4,157645);
INSERT INTO "Battles" VALUES (68177742,'2020-02-26T08:09:41.745396200Z',4,NULL,'undefined;undefined',NULL,NULL,NULL,NULL,NULL,NULL,'undefined;undefined',NULL,NULL,NULL,NULL,NULL,3,272460);
INSERT INTO "Battles" VALUES (68177729,'2020-02-26T08:09:29.863715800Z',5,NULL,'LAUGH:El Cartel Hispano;16272',NULL,NULL,NULL,NULL,NULL,NULL,':Ledger;0',NULL,NULL,NULL,NULL,NULL,3,16273);
INSERT INTO "Battles" VALUES (68177558,'2020-02-26T08:06:14.417718300Z',12,NULL,'MOBS:JUST4 FUN;216519',NULL,NULL,NULL,NULL,NULL,NULL,'SEA:Garuda;0',NULL,NULL,NULL,NULL,NULL,3,216535);
INSERT INTO "Battles" VALUES (68177505,'2020-02-26T08:05:26.038304400Z',8,NULL,':Worms Army;35889',NULL,NULL,NULL,NULL,NULL,NULL,':RAQ;35889',NULL,NULL,NULL,NULL,NULL,3,179449);
INSERT INTO "Battles" VALUES (68177404,'2020-02-26T08:03:17.009680200Z',4,NULL,'WJCNM:OnePunchMan;262090',NULL,NULL,NULL,NULL,NULL,NULL,'RUSH:The Bandits Clan;53097',NULL,NULL,NULL,NULL,NULL,3,368286);
INSERT INTO "Battles" VALUES (68177358,'2020-02-26T08:02:40.875118500Z',10,NULL,'undefined;undefined',NULL,NULL,NULL,NULL,NULL,NULL,'undefined;undefined',NULL,NULL,NULL,NULL,NULL,6,195216);
INSERT INTO "Battles" VALUES (68177339,'2020-02-26T08:02:04.967006400Z',8,NULL,'GBR:JOD,BOCXOD;74342',NULL,NULL,NULL,NULL,NULL,NULL,'ARCH:Albion Choppers;13954',NULL,NULL,NULL,NULL,NULL,3,88300);
INSERT INTO "Battles" VALUES (68177277,'2020-02-26T08:01:13.293196200Z',5,NULL,':Resonance;43947',NULL,NULL,NULL,NULL,NULL,NULL,'S8:Njordheim;43947',NULL,NULL,NULL,NULL,NULL,3,87897);
INSERT INTO "Battles" VALUES (68177187,'2020-02-26T07:59:57.950733200Z',4,NULL,'undefined;undefined',NULL,NULL,NULL,NULL,NULL,NULL,'undefined;undefined',NULL,NULL,NULL,NULL,NULL,3,187941);
INSERT INTO "Battles" VALUES (68177182,'2020-02-26T07:59:53.684810800Z',3,NULL,'ARCH:BloodLusts,TriHards;0',NULL,NULL,NULL,NULL,NULL,NULL,'undefined;undefined',NULL,NULL,NULL,NULL,NULL,3,0);
INSERT INTO "Battles" VALUES (68177153,'2020-02-26T07:59:28.209991900Z',10,NULL,'undefined;undefined',NULL,NULL,NULL,NULL,NULL,NULL,'undefined;undefined',NULL,NULL,NULL,NULL,NULL,4,187413);
INSERT INTO "Battles" VALUES (68176987,'2020-02-26T07:57:27.679366900Z',10,NULL,'POE:HustlinHitmans;25825',NULL,NULL,NULL,NULL,NULL,NULL,':Agresor;4672',NULL,NULL,NULL,NULL,NULL,5,30501);
INSERT INTO "Battles" VALUES (68176936,'2020-02-26T07:56:41.934374400Z',10,NULL,':Tea Party;9129',NULL,NULL,NULL,NULL,NULL,NULL,'MOBS:Roll Back;9129',NULL,NULL,NULL,NULL,NULL,5,45655);
INSERT INTO "Battles" VALUES (68176852,'2020-02-26T07:55:16.069489700Z',13,NULL,':Last Warn;198145',NULL,NULL,NULL,NULL,NULL,NULL,'ARCH:Black Forge Orcs,Awful Company 42069,L I N A J E,Iron Hand;0',NULL,NULL,NULL,NULL,NULL,12,198158);
INSERT INTO "Battles" VALUES (68176765,'2020-02-26T07:53:16.328192200Z',10,NULL,':sex with ex;25224',NULL,NULL,NULL,NULL,NULL,NULL,':Target;8408',NULL,NULL,NULL,NULL,NULL,5,42050);
INSERT INTO "Battles" VALUES (68176668,'2020-02-26T07:51:42.874783300Z',10,NULL,':RANG;95209',NULL,NULL,NULL,NULL,NULL,NULL,':Worms Army;40811',NULL,NULL,NULL,NULL,NULL,5,299267);
INSERT INTO "Battles" VALUES (68176650,'2020-02-26T07:51:17.391597500Z',8,NULL,'ARCH:Cxl,Awful Company,TriHards;141923',NULL,NULL,NULL,NULL,NULL,NULL,':Legion Extranjera;27832',NULL,NULL,NULL,NULL,NULL,4,169760);
INSERT INTO "Battles" VALUES (68176546,'2020-02-26T07:49:35.117807500Z',6,NULL,'SEA:Formosa Rangers;312096',NULL,NULL,NULL,NULL,NULL,NULL,':Aesir Industries;0',NULL,NULL,NULL,NULL,NULL,4,312096);
INSERT INTO "Battles" VALUES (68176464,'2020-02-26T07:47:53.026975Z',6,NULL,':Heroes Del Silencio;55698',NULL,NULL,NULL,NULL,NULL,NULL,':The Young Turks;0',NULL,NULL,NULL,NULL,NULL,3,55698);
INSERT INTO "Battles" VALUES (68176163,'2020-02-26T07:42:51.881411800Z',35,NULL,':GTs Home;346391',NULL,NULL,NULL,NULL,NULL,NULL,':RANG;283770',NULL,NULL,NULL,NULL,NULL,16,1277741);
INSERT INTO "Battles" VALUES (68176125,'2020-02-26T07:42:14.582737200Z',9,NULL,':REPUBLIKA NG PILIPINAS;163184',NULL,NULL,NULL,NULL,NULL,NULL,'ARCH:Awful Company;40796',NULL,NULL,NULL,NULL,NULL,4,203989);
INSERT INTO "Battles" VALUES (68176034,'2020-02-26T07:40:33.592139700Z',4,NULL,'S8:Njordheim;225817',NULL,NULL,NULL,NULL,NULL,NULL,':Patrulha da Noite;0',NULL,NULL,NULL,NULL,NULL,3,225817);
INSERT INTO "Battles" VALUES (68175944,'2020-02-26T07:39:14.575070600Z',6,NULL,':Rage Control;394949',NULL,NULL,NULL,NULL,NULL,NULL,':Heroes Del Silencio;361170',NULL,NULL,NULL,NULL,NULL,3,756120);
INSERT INTO "Battles" VALUES (68175934,'2020-02-26T07:39:05.471411800Z',4,NULL,'SEA:GOSTOP;79028',NULL,NULL,NULL,NULL,NULL,NULL,':Conflict;26846',NULL,NULL,NULL,NULL,NULL,3,105875);
INSERT INTO "Battles" VALUES (68175818,'2020-02-26T07:37:26.113468400Z',4,NULL,'CLAP:TheKingsmen;69160',NULL,NULL,NULL,NULL,NULL,NULL,':6324upup;60318',NULL,NULL,NULL,NULL,NULL,3,129478);
INSERT INTO "Battles" VALUES (68175785,'2020-02-26T07:36:57.175365400Z',10,NULL,':sex with ex;151243',NULL,NULL,NULL,NULL,NULL,NULL,':RANG;124070',NULL,NULL,NULL,NULL,NULL,6,391503);
INSERT INTO "Battles" VALUES (68175694,'2020-02-26T07:35:33.785669200Z',9,NULL,'undefined;undefined',NULL,NULL,NULL,NULL,NULL,NULL,'undefined;undefined',NULL,NULL,NULL,NULL,NULL,5,158961);
INSERT INTO "Battles" VALUES (68175645,'2020-02-26T07:35:00.117332800Z',10,NULL,'POE:HustlinHitmans,Crimson Imperium Reborn,Crimson Imperium Newborn;124702',NULL,NULL,NULL,NULL,NULL,NULL,':Agresor;17102',NULL,NULL,NULL,NULL,NULL,9,141813);
INSERT INTO "Battles" VALUES (68175637,'2020-02-26T07:34:56.733071800Z',10,NULL,':RANG;16816',NULL,NULL,NULL,NULL,NULL,NULL,':Unparalleled;8408',NULL,NULL,NULL,NULL,NULL,5,42049);
INSERT INTO "Battles" VALUES (68175543,'2020-02-26T07:33:14.888709Z',37,NULL,'SEA:KHAOS;367608',NULL,NULL,NULL,NULL,NULL,NULL,'POE:HustlinHitmans;351758',NULL,NULL,NULL,NULL,NULL,19,1130496);
INSERT INTO "Battles" VALUES (68175488,'2020-02-26T07:32:19.177557100Z',10,NULL,'SEND:Final Order;420789',NULL,NULL,NULL,NULL,NULL,NULL,':Overlooked;140263',NULL,NULL,NULL,NULL,NULL,6,561062);
INSERT INTO "Battles" VALUES (68175392,'2020-02-26T07:30:53.502382600Z',15,NULL,'TRETA:MIAU;725434',NULL,NULL,NULL,NULL,NULL,NULL,'1941:Take Care,TakeCare;117384',NULL,NULL,NULL,NULL,NULL,6,842830);
INSERT INTO "Battles" VALUES (68175251,'2020-02-26T07:28:27.190815400Z',4,NULL,'LIONS:FATUM;29967',NULL,NULL,NULL,NULL,NULL,NULL,'SEA:Formosa Rangers;15732',NULL,NULL,NULL,NULL,NULL,3,45699);
INSERT INTO "Battles" VALUES (68175214,'2020-02-26T07:27:58.826682400Z',10,NULL,':REPUBLIKA NG PILIPINAS;33632',NULL,NULL,NULL,NULL,NULL,NULL,'ARCH:Awful Company;8408',NULL,NULL,NULL,NULL,NULL,5,42050);
INSERT INTO "Battles" VALUES (68174982,'2020-02-26T07:24:25.324522600Z',4,NULL,'undefined;undefined',NULL,NULL,NULL,NULL,NULL,NULL,'undefined;undefined',NULL,NULL,NULL,NULL,NULL,3,269771);
INSERT INTO "Battles" VALUES (68174934,'2020-02-26T07:23:47.534139400Z',8,NULL,':Unparalleled;997788',NULL,NULL,NULL,NULL,NULL,NULL,'SEND:Final Order;415075',NULL,NULL,NULL,NULL,NULL,5,1412868);
INSERT INTO "Battles" VALUES (68174900,'2020-02-26T07:23:28.904229500Z',6,NULL,'S8:Black Flag;83640',NULL,NULL,NULL,NULL,NULL,NULL,':Sancta Inquisitio;15930',NULL,NULL,NULL,NULL,NULL,3,99570);
INSERT INTO "Battles" VALUES (68178987,'2020-02-26T08:27:45.508681Z',8,NULL,'YOU:Orden Del Caos;112787',NULL,NULL,NULL,NULL,NULL,NULL,':Novus Imperium;0',NULL,NULL,NULL,NULL,NULL,3,112790);
INSERT INTO "Battles" VALUES (68178962,'2020-02-26T08:27:22.449925900Z',10,NULL,'POE:HustlinHitmans;50195',NULL,NULL,NULL,NULL,NULL,NULL,'AGRO:T I M E L E S S,Savage;8550',NULL,NULL,NULL,NULL,NULL,6,63221);
INSERT INTO "Battles" VALUES (68178867,'2020-02-26T08:26:05.902757800Z',16,NULL,':Unparalleled;978084',NULL,NULL,NULL,NULL,NULL,NULL,':MementoMorii;25674',NULL,NULL,NULL,NULL,NULL,9,1005339);
INSERT INTO "Battles" VALUES (68178869,'2020-02-26T08:26:06.867027700Z',8,NULL,'PAX:Los Caballeros de Cristo;127218',NULL,NULL,NULL,NULL,NULL,NULL,':Dogs Eyes;63609',NULL,NULL,NULL,NULL,NULL,5,223392);
INSERT INTO "Battles" VALUES (68179233,'2020-02-26T08:32:11.621022500Z',8,NULL,'ARCH:Black Forge Orcs,Albion Choppers;848488',NULL,NULL,NULL,NULL,NULL,NULL,':RAQ;212122',NULL,NULL,NULL,NULL,NULL,3,1060616);
INSERT INTO "Battles" VALUES (68179145,'2020-02-26T08:30:31.815387100Z',8,NULL,':Heroes Del Silencio;125912',NULL,NULL,NULL,NULL,NULL,NULL,':ADRENOCROM;0',NULL,NULL,NULL,NULL,NULL,5,125916);
INSERT INTO "Battles_Players" VALUES (68178794,'Holonomy','JJ77p5w1Slq0sT_DU7R19A','SURF','2dPEm_9DTAOFV1JTENHZ8g','Tidal','E9gCvKSFTiW1jKwcwEEgiQ',1,0,6795);
INSERT INTO "Battles_Players" VALUES (68178794,'11anos19cm','nBXWICf-QsuXKK7yFHCW_A','AGS','8hGHx2NPQ52eQ5hiMs7YPw','Intersection','o1gyaMz0Swyr5Fba1DXU1w',0,1,0);
INSERT INTO "Battles_Players" VALUES (68178794,'Strength','vQiykPROTze5pPz6sfFR2w','TMNT','bgbI1c5yR4KCDNSGXg9ogA','Bunch of Rats','jfVCyUswTwWplwdUVwl23w',1,0,9972);
INSERT INTO "Battles_Players" VALUES (68178794,'Kretec','h68qIcMoSJy17K687bnd4g','WJCNM','AGvkJVclQuqsSTl0CyxAvg','OnePunchMan','jm0l1RNlQhWeHvn1KpBA8w',0,0,1818);
INSERT INTO "Battles_Players" VALUES (68178794,'Kadwan','QM6sjUPNTfekxAEDQ87zhw','AGS','8hGHx2NPQ52eQ5hiMs7YPw','Intersection','o1gyaMz0Swyr5Fba1DXU1w',0,1,0);
INSERT INTO "Battles_Players" VALUES (68178794,'Troios','lStogXTBRUKe_s7mEiIF0g','AGS','8hGHx2NPQ52eQ5hiMs7YPw','Intersection','o1gyaMz0Swyr5Fba1DXU1w',0,1,0);
INSERT INTO "Battles_Players" VALUES (68178794,'Jaquouille','QHp0vWreTK-Zeb1QABChew','MOBS','bNXe7t6rSXuPO0GbvpkMnA','Roll Back','LXfjEj7nTYG8toKzOWHw1w',1,0,6795);
INSERT INTO "Battles_Players" VALUES (68178794,'bigcock','pRQbDSbHQIOq_BcI--dRKA','','','Tea Party','BJX2ag6YTvGxo_wFRhjfig',0,0,1818);
INSERT INTO "Battles_Players" VALUES (68178657,'MommaEli','Vl2JRSDzQYCj9ftDvWw5Eg','1941','cP1ObDONQTOEx5W7KqZQKw','Take Care','x8pr49RnSimilkapwLA3SQ',0,1,0);
INSERT INTO "Battles_Players" VALUES (68178657,'Rice','hUVLucohSbO0T3NRj22M3g','POE','aE8QATe2RUCJU0d23y_w2w','Crimson Imperium Reborn','upkzMP-iSqSfYEPJou9mSA',0,0,13344);
INSERT INTO "Battles_Players" VALUES (68178657,'Willoin','e9hvaGNeTGG-yf0Ch3ORqA','1941','cP1ObDONQTOEx5W7KqZQKw','Take Care','x8pr49RnSimilkapwLA3SQ',0,1,0);
INSERT INTO "Battles_Players" VALUES (68178657,'Acteon','2RAqeKjJQTW-dOurHHgV3g','1941','cP1ObDONQTOEx5W7KqZQKw','Take Care','x8pr49RnSimilkapwLA3SQ',0,1,0);
INSERT INTO "Battles_Players" VALUES (68178657,'ThongDalf','roj-R7POTF6fo_pWvGI_Vg','1941','cP1ObDONQTOEx5W7KqZQKw','Take Care','x8pr49RnSimilkapwLA3SQ',0,1,0);
INSERT INTO "Battles_Players" VALUES (68178657,'Rot','JyTKP2SvQVWMdfV--EpvJA','POE','aE8QATe2RUCJU0d23y_w2w','Crimson Imperium Reborn','upkzMP-iSqSfYEPJou9mSA',0,0,13344);
INSERT INTO "Battles_Players" VALUES (68178657,'Seanye','m2ACMoAqQiis-i6TxFeKUg','POE','aE8QATe2RUCJU0d23y_w2w','Crimson Imperium Newborn','tHbPKxKeTTOflI_OC1puUg',1,0,13344);
INSERT INTO "Battles_Players" VALUES (68178657,'NotYobi','g1Ql9IsITdevYfqTdofN5Q','POE','aE8QATe2RUCJU0d23y_w2w','Crimson Imperium Reborn','upkzMP-iSqSfYEPJou9mSA',3,0,13344);
INSERT INTO "Battles_Players" VALUES (68178657,'Morrolan','VPyet2X8QM2OyqNXQOjI2Q','POE','aE8QATe2RUCJU0d23y_w2w','Crimson Imperium Reborn','upkzMP-iSqSfYEPJou9mSA',1,0,13344);
INSERT INTO "Battles_Players" VALUES (68178657,'Pally','F99U2GGfSa-9PnCZNJqqLw','1941','cP1ObDONQTOEx5W7KqZQKw','Take Care','x8pr49RnSimilkapwLA3SQ',0,1,0);
INSERT INTO "Battles_Players" VALUES (68178464,'Ruthlezzz','A1Vt2rXOT46SQCWRRDGPvA','','','RANG','nZ53J79DRNCsfr7AewPAwg',1,0,133138);
INSERT INTO "Battles_Players" VALUES (68178464,'KaPaoTH','VmDvC4oUTb6RMjI-4QrQ7Q','MOBS','bNXe7t6rSXuPO0GbvpkMnA','Bangkok','2Il1yWlyTdS21Qc8VFz6Nw',0,1,0);
INSERT INTO "Battles_Players" VALUES (68178464,'ZloyPupsik','2cpWeTGISxiSVLersMAEcw','SEA','lLWO9hnUTjy_cAduk0Zelw','DVOSTOK','O7vkvrGJQJ-eeIoC2hQy5g',0,1,0);
INSERT INTO "Battles_Players" VALUES (68178464,'Poren','yfr2EhSjR8iqr7we-dsU9g','MOBS','bNXe7t6rSXuPO0GbvpkMnA','Bangkok','2Il1yWlyTdS21Qc8VFz6Nw',0,1,0);
INSERT INTO "Battles_Players" VALUES (68178464,'Vicarious','W0ZPZ-g8QXqFn-B15tzzaA','','','RANG','nZ53J79DRNCsfr7AewPAwg',2,0,144282);
INSERT INTO "Battles_Players" VALUES (68178274,'whitenail','INieivk3RgSGa4DUEHx4rw','POE','aE8QATe2RUCJU0d23y_w2w','HustlinHitmans','2VCzFKvbTFKiKRUhQjjw1w',0,0,9218);
INSERT INTO "Battles_Players" VALUES (68178274,'ClassicDoffy','iGKHObmaQSySkwoORVr97Q','AGRO','K0LYGzcfSReQp4pt6c0sCQ','T I M E L E S S','c9vtqe3QRBmvsYRhSbnw4A',0,1,0);
INSERT INTO "Battles_Players" VALUES (68178274,'Kashac','z3npmTBmSY-V1zqSxBFECg','AGRO','K0LYGzcfSReQp4pt6c0sCQ','T I M E L E S S','c9vtqe3QRBmvsYRhSbnw4A',0,1,0);
INSERT INTO "Battles_Players" VALUES (68178274,'LordEstarossa','vyVafELXTNiRhSXT8PrT8g','POE','aE8QATe2RUCJU0d23y_w2w','HustlinHitmans','2VCzFKvbTFKiKRUhQjjw1w',0,0,9218);
INSERT INTO "Battles_Players" VALUES (68178274,'theblackavenger','XgBofi61RLmCNsvunkOUBA','AGRO','K0LYGzcfSReQp4pt6c0sCQ','Savage','UmOHTkemT4SzQ2MMAMDVqg',0,1,0);
INSERT INTO "Battles_Players" VALUES (68178274,'toqs1986','YcT4e7IjQlmNkx8LZeEohg','POE','aE8QATe2RUCJU0d23y_w2w','HustlinHitmans','2VCzFKvbTFKiKRUhQjjw1w',0,0,9218);
INSERT INTO "Battles_Players" VALUES (68178274,'lvl100Boss','CXJmFBkkTMyV_6OQPrboqQ','AGRO','K0LYGzcfSReQp4pt6c0sCQ','T I M E L E S S','c9vtqe3QRBmvsYRhSbnw4A',0,1,0);
INSERT INTO "Battles_Players" VALUES (68178274,'ECOpray','h35V6i9qS3mGKSWTiJGdwg','POE','aE8QATe2RUCJU0d23y_w2w','HustlinHitmans','2VCzFKvbTFKiKRUhQjjw1w',2,0,9218);
INSERT INTO "Battles_Players" VALUES (68178274,'llButcher','tfS-G5W7RWCQ7cWbueR5fA','','','Agresor','D13iPs9mTlKokUjiXY5mwg',2,0,9218);
INSERT INTO "Battles_Players" VALUES (68178247,'Nostahlgia','iwaZ8BhrTyCOf-IR2d_UVQ','','','Unparalleled','g63FSSIaTh2ojk3b_suNIg',0,0,4941);
INSERT INTO "Battles_Players" VALUES (68178247,'Nahus','BHp3L0ZHTSy4j4gU7UWBYQ','','','','',0,1,0);
INSERT INTO "Battles_Players" VALUES (68178247,'Desesperance','grm3XbN8Sw2bMCEqtDsQdg','','','Unparalleled','g63FSSIaTh2ojk3b_suNIg',1,0,7659);
INSERT INTO "Battles_Players" VALUES (68178247,'AelrenZets','Ygy1JW0KSLWdTuzftqpcDA','BEE','T5Qh7oogTTWKzr9HhUxX_w','Make Albion Great Again','hrkeKHALTRGoSfsc0zupHA',0,1,0);
INSERT INTO "Battles_Players" VALUES (68178247,'Adenine','ZNHFrtwuRfSiSWMOzV4Leg','SEND','oU5RS9WOTdaw8JgfbBK7wA','Final Order','LKYQ8b0mTvaPk0LxVny5UQ',0,0,7659);
INSERT INTO "Battles_Players" VALUES (68178247,'Parallel','twu11xzhQEKFvyDn7s8GJA','','','Unparalleled','g63FSSIaTh2ojk3b_suNIg',0,0,2718);
INSERT INTO "Battles_Players" VALUES (68178247,'Kigu','glrO_2NVQIexqJOgr7cE5A','','','Unparalleled','g63FSSIaTh2ojk3b_suNIg',0,0,4941);
INSERT INTO "Battles_Players" VALUES (68178247,'Hoshido','u-wNnAD3Sb6ulwu-UI3Dsw','POE','aE8QATe2RUCJU0d23y_w2w','Prets','H-_Eq8U1QZyQli3ulVdtqw',0,1,0);
INSERT INTO "Battles_Players" VALUES (68178247,'Drewie','LvQKwZv7SGmrY7PwKOPhhA','','','Unparalleled','g63FSSIaTh2ojk3b_suNIg',2,0,7659);
INSERT INTO "Battles_Players" VALUES (68178247,'ChaosPegasus','L0VfmmqRT5aZ89JpmfnjAw','','','Unparalleled','g63FSSIaTh2ojk3b_suNIg',0,0,7659);
INSERT INTO "Battles_Players" VALUES (68178247,'Saeji','87OWbmEmSGWGQemkSvbM8w','','','Unparalleled','g63FSSIaTh2ojk3b_suNIg',0,0,7659);
INSERT INTO "Battles_Players" VALUES (68178206,'pOdGold','ch76juW3SbO6BsBTNcmtwA','SEA','lLWO9hnUTjy_cAduk0Zelw','Garuda','-Cx4tJsPSQaWAIhS5Y6GoQ',0,1,0);
INSERT INTO "Battles_Players" VALUES (68178206,'Wordfangs','9HZQKZZTQXe4r1c9v3EnHQ','SEA','lLWO9hnUTjy_cAduk0Zelw','Garuda','-Cx4tJsPSQaWAIhS5Y6GoQ',0,1,0);
INSERT INTO "Battles_Players" VALUES (68178206,'Fiqto','FMkJP18vSWWIeP7fL1l4BQ','SEA','lLWO9hnUTjy_cAduk0Zelw','Garuda','-Cx4tJsPSQaWAIhS5Y6GoQ',0,1,0);
INSERT INTO "Battles_Players" VALUES (68178206,'pOdSilver','QQapq2jxQJWwKOa06pJOEQ','SEA','lLWO9hnUTjy_cAduk0Zelw','Garuda','-Cx4tJsPSQaWAIhS5Y6GoQ',0,1,0);
INSERT INTO "Battles_Players" VALUES (68178206,'Wejing','WeHhBVhlR3ScvKzo0UmM1w','SEA','lLWO9hnUTjy_cAduk0Zelw','Garuda','-Cx4tJsPSQaWAIhS5Y6GoQ',0,1,0);
INSERT INTO "Battles_Players" VALUES (68178206,'TPT2404','PWLKORgwRyu6kRgnGmlk1w','MOBS','bNXe7t6rSXuPO0GbvpkMnA','JUST4 FUN','fIOGML66TxCinR7-HSaIrA',3,0,95139);
INSERT INTO "Battles_Players" VALUES (68178206,'BahnMiFPS','wCmQ5kKIQnSwgyIS8tvm0g','MOBS','bNXe7t6rSXuPO0GbvpkMnA','JUST4 FUN','fIOGML66TxCinR7-HSaIrA',1,0,70498);
INSERT INTO "Battles_Players" VALUES (68178206,'Pepekun','XYqKeGAfQuq_tWCCH18OUQ','SEA','lLWO9hnUTjy_cAduk0Zelw','Garuda','-Cx4tJsPSQaWAIhS5Y6GoQ',0,1,0);
INSERT INTO "Battles_Players" VALUES (68178206,'AcroV','PwUSWDbcSXKzDzuEGWpvbg','MOBS','bNXe7t6rSXuPO0GbvpkMnA','JUST4 FUN','fIOGML66TxCinR7-HSaIrA',1,0,95139);
INSERT INTO "Battles_Players" VALUES (68178206,'Nhann','1Hoh57C1TIScnWO1nmBUvg','MOBS','bNXe7t6rSXuPO0GbvpkMnA','JUST4 FUN','fIOGML66TxCinR7-HSaIrA',0,0,95139);
INSERT INTO "Battles_Players" VALUES (68178206,'Greedy127','dkDmFQ8-SVWGZ2Z6yp9OXA','MOBS','bNXe7t6rSXuPO0GbvpkMnA','JUST4 FUN','fIOGML66TxCinR7-HSaIrA',0,0,95139);
INSERT INTO "Battles_Players" VALUES (68178206,'JuraHTP','UemMMWprT9GyNmHzw7LZJw','MOBS','bNXe7t6rSXuPO0GbvpkMnA','JUST4 FUN','fIOGML66TxCinR7-HSaIrA',1,0,70498);
INSERT INTO "Battles_Players" VALUES (68178206,'MercyJ','DBs7PIY2TiO0uvFFlhZBXA','MOBS','bNXe7t6rSXuPO0GbvpkMnA','JUST4 FUN','fIOGML66TxCinR7-HSaIrA',0,0,95139);
INSERT INTO "Battles_Players" VALUES (68178206,'DucBeo','PzXhTCe8QIaqr-HrgBkC_A','MOBS','bNXe7t6rSXuPO0GbvpkMnA','JUST4 FUN','fIOGML66TxCinR7-HSaIrA',0,0,70498);
INSERT INTO "Battles_Players" VALUES (68178201,'Sha33ow','nzK9Q0GuTEuZMAqJlFpLPw','ARCH','hRqowi9bTw6o44R0bsmIUw','Black Forge Orcs','oXAMQGdUQxKjK0j3gVSCGw',1,0,38151);
INSERT INTO "Battles_Players" VALUES (68178201,'KrakenE','yvvuZ1-4S9OK_ia2RT9ORQ','POE','aE8QATe2RUCJU0d23y_w2w','Hammer And Sickle','1W4jhGG0QVWM93A1CcxxSg',3,0,38151);
INSERT INTO "Battles_Players" VALUES (68178201,'Deoden','iXqu9kaKSN6BSNFIg10U9w','','','RUSSIAN EMPIRE','o4wmeL-HSNCCpwihRfOaZg',0,1,0);
INSERT INTO "Battles_Players" VALUES (68178201,'LilHealer','9ayhizSORC2OlvEdB34ukA','','','','',0,0,38151);
INSERT INTO "Battles_Players" VALUES (68178201,'Qanix','O4ZTAm0rQUeKWIwPEFLsSg','1941','cP1ObDONQTOEx5W7KqZQKw','Take Care','x8pr49RnSimilkapwLA3SQ',0,1,0);
INSERT INTO "Battles_Players" VALUES (68178201,'ilya20987','7uXNaSgvSHWoOQPIXnZfiQ','','','Worms Army','zHRuADcARxumK0bLvAV7bA',0,0,38151);
INSERT INTO "Battles_Players" VALUES (68178201,'KingMonty','3R3dBB2yQeymcpzWh-3HVg','','','RAQ','DOqj5AMlQPO_BR-rK7ERtw',0,0,38151);
INSERT INTO "Battles_Players" VALUES (68178201,'RETROSILA','jGPIuQsxSXCyr1dq3O0Hkw','ARCH','hRqowi9bTw6o44R0bsmIUw','Awful Company','61yii28pRoWZXbNnkk4rUw',0,1,0);
INSERT INTO "Battles_Players" VALUES (68178201,'Ketka','KmJ81idVRtWIBN1tBkycxg','','','Ss66sS','LvR6Kq28QS2xtIc3HBexlQ',0,1,0);
INSERT INTO "Battles_Players" VALUES (68178169,'Kimosuke','etHiLhk7ShGFGaWQOicuWQ','BACON','YTDHbAP-SA2l7cjRviSGJg','Bacon Bits','PVBhR-T6Rf-D1z43umVQ_g',0,1,0);
INSERT INTO "Battles_Players" VALUES (68178169,'MushiKim','BNfgIBM1QBmR0V6k340PLw','','','Heroes Del Silencio','mXUs-S--RFeOtD_OYeMrYw',0,1,0);
INSERT INTO "Battles_Players" VALUES (68178169,'eatsnacks','86BMj4YbTsuwVZdVW_L8Og','SEND','oU5RS9WOTdaw8JgfbBK7wA','Final Order','LKYQ8b0mTvaPk0LxVny5UQ',0,0,60225);
INSERT INTO "Battles_Players" VALUES (68178169,'Hailsey','sbG0KrT4R8y6rlzHxjCzUg','BACON','YTDHbAP-SA2l7cjRviSGJg','Bacon Bits','PVBhR-T6Rf-D1z43umVQ_g',0,1,0);
INSERT INTO "Battles_Players" VALUES (68178169,'ThePharmacy','srN8PiDYT-61fVq7vEUXuA','SEND','oU5RS9WOTdaw8JgfbBK7wA','Final Order','LKYQ8b0mTvaPk0LxVny5UQ',3,0,60097);
INSERT INTO "Battles_Players" VALUES (68178169,'Beast1k','0bgWWID2QX6ZDqRo12-1LQ','SEND','oU5RS9WOTdaw8JgfbBK7wA','Final Order','LKYQ8b0mTvaPk0LxVny5UQ',0,0,70831);
INSERT INTO "Battles_Players" VALUES (68178169,'Drafas','uUHCxUHOQGOjjdlXFH7eXw','','','Overlooked','4BjJDixkQt6Fki4w2OKwLw',2,0,70831);
INSERT INTO "Battles_Players" VALUES (68178169,'Sourceres','RNsWyKpfRi-QyExMjGhkpA','','','Heroes Del Silencio','mXUs-S--RFeOtD_OYeMrYw',0,1,0);
INSERT INTO "Battles_Players" VALUES (68178169,'Leonardc58','PcgVbbmITsG17jonlOcGIw','BACON','YTDHbAP-SA2l7cjRviSGJg','Banana Tem Potassio','rEBaWn7KQyCxQkYR1S7jow',0,1,0);
INSERT INTO "Battles_Players" VALUES (68178074,'Zawierek','F62URJgcRAGwUpHaSsX6Qw','LIONS','JUFJMAiQT6K3AXxp90QThQ','Bursztynowy Kartel','z2jnusGLRIqF0oT_-tOTKg',1,0,2933);
INSERT INTO "Battles_Players" VALUES (68178074,'Reekoda','pj5uy926Tw2H5LZppmjbJg','','','The Creamery','YWcWkZ9rSQeMCVkkvuAAVA',0,1,0);
INSERT INTO "Battles_Players" VALUES (68178074,'Cacapi','vedMQHVxQsSPIkcs2uqD6A','','','','',0,1,0);
INSERT INTO "Battles_Players" VALUES (68178074,'Kajmanek','Z4NvHjIQSkyjQKlfJwN9-w','LIONS','JUFJMAiQT6K3AXxp90QThQ','Bursztynowy Kartel','z2jnusGLRIqF0oT_-tOTKg',0,0,2933);
INSERT INTO "Battles_Players" VALUES (68178074,'ChibiIzuru','NJNABh3CQgyNl_eG2SnWBA','LIONS','JUFJMAiQT6K3AXxp90QThQ','Bursztynowy Kartel','z2jnusGLRIqF0oT_-tOTKg',1,0,2933);
INSERT INTO "Battles_Players" VALUES (68178074,'SexyArdent','JVqeG8MERwiawblT8vfboQ','LIONS','JUFJMAiQT6K3AXxp90QThQ','Bursztynowy Kartel','z2jnusGLRIqF0oT_-tOTKg',1,0,2933);
INSERT INTO "Battles_Players" VALUES (68178074,'Suud','YV744h_LS1uMOInPCevP_w','LIONS','JUFJMAiQT6K3AXxp90QThQ','Bursztynowy Kartel','z2jnusGLRIqF0oT_-tOTKg',1,0,2933);
INSERT INTO "Battles_Players" VALUES (68178074,'Slinken','DOUVNj2xQ-aJSNCHFfV4jw','','','The Creamery','YWcWkZ9rSQeMCVkkvuAAVA',0,1,0);
INSERT INTO "Battles_Players" VALUES (68178074,'yahoe','kCl3rVpMRN2jbQozSWjcbQ','','','The Creamery','YWcWkZ9rSQeMCVkkvuAAVA',0,1,0);
INSERT INTO "Battles_Players" VALUES (68177966,'Rice','hUVLucohSbO0T3NRj22M3g','POE','aE8QATe2RUCJU0d23y_w2w','Crimson Imperium Reborn','upkzMP-iSqSfYEPJou9mSA',0,0,11817);
INSERT INTO "Battles_Players" VALUES (68177966,'WlZARD','dfv5qbpBTZ27llYKh4DiSg','','','Fear Nothing Risk Everything','sNOvgCn7QI-c73yYIjCilg',0,1,0);
INSERT INTO "Battles_Players" VALUES (68177966,'Rot','JyTKP2SvQVWMdfV--EpvJA','POE','aE8QATe2RUCJU0d23y_w2w','Crimson Imperium Reborn','upkzMP-iSqSfYEPJou9mSA',0,0,11817);
INSERT INTO "Battles_Players" VALUES (68177966,'FrodoInBeutel','KJEFl9plR_eNDOUE3_sN4w','','','','',0,1,0);
INSERT INTO "Battles_Players" VALUES (68177966,'Seanye','m2ACMoAqQiis-i6TxFeKUg','POE','aE8QATe2RUCJU0d23y_w2w','Crimson Imperium Newborn','tHbPKxKeTTOflI_OC1puUg',4,0,11817);
INSERT INTO "Battles_Players" VALUES (68177966,'NotYobi','g1Ql9IsITdevYfqTdofN5Q','POE','aE8QATe2RUCJU0d23y_w2w','Crimson Imperium Reborn','upkzMP-iSqSfYEPJou9mSA',1,0,11817);
INSERT INTO "Battles_Players" VALUES (68177966,'Kiodushi','eWbOHUESRNGI6qLzsW-A9g','','','Overlooked','4BjJDixkQt6Fki4w2OKwLw',0,1,0);
INSERT INTO "Battles_Players" VALUES (68177966,'Griswaalt','day_Q80aSq2U21EeFV83UA','','','Overlooked','4BjJDixkQt6Fki4w2OKwLw',0,1,0);
INSERT INTO "Battles_Players" VALUES (68177966,'WutangKlaan','lWcNt_rSTTa-6FN-A2W5xg','1941','cP1ObDONQTOEx5W7KqZQKw','TakeCare','2FoZ7LTiQWOCm2BpdmTvBQ',0,1,0);
INSERT INTO "Battles_Players" VALUES (68177966,'Morrolan','VPyet2X8QM2OyqNXQOjI2Q','POE','aE8QATe2RUCJU0d23y_w2w','Crimson Imperium Reborn','upkzMP-iSqSfYEPJou9mSA',0,0,11817);
INSERT INTO "Battles_Players" VALUES (68177891,'Holonomy','JJ77p5w1Slq0sT_DU7R19A','SURF','2dPEm_9DTAOFV1JTENHZ8g','Tidal','E9gCvKSFTiW1jKwcwEEgiQ',0,1,0);
INSERT INTO "Battles_Players" VALUES (68177891,'guizao2','YcKjHB_jS2OIDv8-zLFdfQ','','','sex with ex','CyphOpOZTFuqRTS-hRO2hg',1,0,40125);
INSERT INTO "Battles_Players" VALUES (68177891,'LateRedemption','TvKa4DboSLO2vLD_uid0iQ','SEND','oU5RS9WOTdaw8JgfbBK7wA','Final Order','LKYQ8b0mTvaPk0LxVny5UQ',1,1,40125);
INSERT INTO "Battles_Players" VALUES (68177891,'Fabmorvan','u-lB4aY2QOCDgmJ_A8N8sQ','','','Tea Party','BJX2ag6YTvGxo_wFRhjfig',1,0,82118);
INSERT INTO "Battles_Players" VALUES (68177891,'Johnmark','npD5-dJRT-KJmTxuZLSXUA','ARCH','hRqowi9bTw6o44R0bsmIUw','BloodLusts','bV1WkdyhQLGrN4YW2IRpJQ',0,1,0);
INSERT INTO "Battles_Players" VALUES (68177891,'Kretec','h68qIcMoSJy17K687bnd4g','WJCNM','AGvkJVclQuqsSTl0CyxAvg','OnePunchMan','jm0l1RNlQhWeHvn1KpBA8w',0,1,0);
INSERT INTO "Battles_Players" VALUES (68177891,'Smondinha','DHxRGwdLRe6TBwdqc9j2Ng','','','sex with ex','CyphOpOZTFuqRTS-hRO2hg',0,0,29713);
INSERT INTO "Battles_Players" VALUES (68177891,'Jaquouille','QHp0vWreTK-Zeb1QABChew','MOBS','bNXe7t6rSXuPO0GbvpkMnA','Roll Back','LXfjEj7nTYG8toKzOWHw1w',0,1,0);
INSERT INTO "Battles_Players" VALUES (68177891,'Cartun','LVXkM47aS56mOmC-ZVz_zA','','','sex with ex','CyphOpOZTFuqRTS-hRO2hg',1,0,40125);
INSERT INTO "Battles_Players" VALUES (68177891,'Grilu','i_nskqXQREWPxK5kZUvoIQ','','','Target','F4K9lC8mTSi5MchYkziYrA',1,0,29713);
INSERT INTO "Battles_Players" VALUES (68177840,'Nahus','BHp3L0ZHTSy4j4gU7UWBYQ','','','','',0,1,48754);
INSERT INTO "Battles_Players" VALUES (68177840,'Nostahlgia','iwaZ8BhrTyCOf-IR2d_UVQ','','','Unparalleled','g63FSSIaTh2ojk3b_suNIg',2,1,4840);
INSERT INTO "Battles_Players" VALUES (68177840,'Desesperance','grm3XbN8Sw2bMCEqtDsQdg','','','Unparalleled','g63FSSIaTh2ojk3b_suNIg',0,0,1786);
INSERT INTO "Battles_Players" VALUES (68177840,'Adenine','ZNHFrtwuRfSiSWMOzV4Leg','SEND','oU5RS9WOTdaw8JgfbBK7wA','Final Order','LKYQ8b0mTvaPk0LxVny5UQ',0,0,4840);
INSERT INTO "Battles_Players" VALUES (68177840,'Kigu','glrO_2NVQIexqJOgr7cE5A','','','Unparalleled','g63FSSIaTh2ojk3b_suNIg',0,0,4840);
INSERT INTO "Battles_Players" VALUES (68177840,'Hoshido','u-wNnAD3Sb6ulwu-UI3Dsw','POE','aE8QATe2RUCJU0d23y_w2w','Prets','H-_Eq8U1QZyQli3ulVdtqw',1,1,48754);
INSERT INTO "Battles_Players" VALUES (68177774,'AbnerTharn','epxu2eLGTsSFsd_6YGwG3w','','','The Business of Empire','aXmzT-QuRDqalPeQ1ABLJA',0,1,0);
INSERT INTO "Battles_Players" VALUES (68177774,'Dontama','4wOVD2SqTFmDRqyeNrStAw','ARCH','hRqowi9bTw6o44R0bsmIUw','TriHards','QdoeMplAQbCzglO3Ee4viA',3,0,20341);
INSERT INTO "Battles_Players" VALUES (68177774,'Ragadio','c6BfzJpsSjakaRqSi4DNxw','','','','',0,1,0);
INSERT INTO "Battles_Players" VALUES (68177774,'LordMordekaiserr','vOwU3Z36T-CuOHZAunMwOg','','','Martlock Syndicate','M9Xy3I_gQbWwLkrZaro1CA',0,1,0);
INSERT INTO "Battles_Players" VALUES (68177763,'mrFlimka','utOw68FDQPS7RdoaATWXpg','','','UFA','kPe87J6jQ7iqrdXz5Az4qw',0,0,9814);
INSERT INTO "Battles_Players" VALUES (68177763,'LemurG','l9BmIT_1T3e-z065J2Um9g','','','UFA','kPe87J6jQ7iqrdXz5Az4qw',1,0,9814);
INSERT INTO "Battles_Players" VALUES (68177763,'Strup70','XdY_NxhMSRiBjqU__Gy4Kw','SEA','lLWO9hnUTjy_cAduk0Zelw','KHAOS','-4YxIHwIRIG__EcWZ1F3Ew',0,1,14012);
INSERT INTO "Battles_Players" VALUES (68177763,'Eishiu','-VsEOSmrTiy_QKSK1m-Hjw','SEA','lLWO9hnUTjy_cAduk0Zelw','KHAOS','-4YxIHwIRIG__EcWZ1F3Ew',0,0,14012);
INSERT INTO "Battles_Players" VALUES (68177763,'Cerb3ruS','iLhwmY3kTQOTKTqjMC9h5Q','SEA','lLWO9hnUTjy_cAduk0Zelw','KHAOS','-4YxIHwIRIG__EcWZ1F3Ew',0,0,14012);
INSERT INTO "Battles_Players" VALUES (68177763,'MarciaI','q6oBNnofTvWf54J0JLdkBg','BEE','T5Qh7oogTTWKzr9HhUxX_w','Our Guild','pEKHHELCQb2pGRqukfJ2cg',0,1,0);
INSERT INTO "Battles_Players" VALUES (68177763,'Aladdick','1_u8bBclTtGpgf37fmLU2g','SEA','lLWO9hnUTjy_cAduk0Zelw','KHAOS','-4YxIHwIRIG__EcWZ1F3Ew',1,0,14012);
INSERT INTO "Battles_Players" VALUES (68177763,'7evenX','biq-t_S8SICIhdtBu-Sj-Q','SEA','lLWO9hnUTjy_cAduk0Zelw','KHAOS','-4YxIHwIRIG__EcWZ1F3Ew',0,0,14012);
INSERT INTO "Battles_Players" VALUES (68177763,'Joyuriz','oVxX98VmQQGQhP5X0ok6UQ','SEA','lLWO9hnUTjy_cAduk0Zelw','KHAOS','-4YxIHwIRIG__EcWZ1F3Ew',0,1,0);
INSERT INTO "Battles_Players" VALUES (68177763,'CrushofLolitas98','ytVw3nRCRYSIGFYHw8gg7Q','POE','aE8QATe2RUCJU0d23y_w2w','HustlinHitmans','2VCzFKvbTFKiKRUhQjjw1w',1,0,50146);
INSERT INTO "Battles_Players" VALUES (68177763,'Flim2ka','d6ZyHi7HS-CP3B2XDNwMcQ','rBr','63BweWArR9qXmkZh1vs70A','ArdoR','FAJpzZ-eTOKnxdP-QtPqJw',0,0,9814);
INSERT INTO "Battles_Players" VALUES (68177763,'Voltyr','B-zGVlAHSMeijnDGLnI7uQ','SEA','lLWO9hnUTjy_cAduk0Zelw','KHAOS','-4YxIHwIRIG__EcWZ1F3Ew',0,1,0);
INSERT INTO "Battles_Players" VALUES (68177763,'Cyfrel','t5DsUfUvQlWMmKhWT4Fg_g','FUR','EM6ZKSFLSNW2mnA_BKwILQ','CRUZADOS','gMQS6v6cTSOgwwP9YNhb2g',1,0,7992);
INSERT INTO "Battles_Players" VALUES (68177742,'Kleeyn','Ej0HjiZPRcWi2RYett_WVQ','','','sky legion','mzqbPVH1QzCz5b4CqJRIYQ',1,1,79440);
INSERT INTO "Battles_Players" VALUES (68177742,'Cruidai','lNiSZ4vuQou7TLt-nw9t5w','','','Saints of Yggdrasil','pYoyRbhYSJqAfeF3neqSuQ',0,1,96510);
INSERT INTO "Battles_Players" VALUES (68177742,'Maximilliano','6D5jboJyRVm5IJ9naES5Fw','','','Saints of Yggdrasil','pYoyRbhYSJqAfeF3neqSuQ',2,0,96510);
INSERT INTO "Battles_Players" VALUES (68177742,'lila222','QfjAtYGASdKwEzKPD6QA1g','','','sky legion','mzqbPVH1QzCz5b4CqJRIYQ',0,1,0);
INSERT INTO "Battles_Players" VALUES (68177729,'Crosen13','wXVgI3LPTKiGOO4OOurpUg','','','Ledger','NWW4uQW3SpGd_ey6sx41mQ',0,1,0);
INSERT INTO "Battles_Players" VALUES (68177729,'Lannce','E2QqDU7pQ3qJA-3rJdBoXQ','','','Ledger','NWW4uQW3SpGd_ey6sx41mQ',0,1,0);
INSERT INTO "Battles_Players" VALUES (68177729,'xMasamunex','qTC4khiRQtW-s2eSoO1WkQ','LAUGH','KzU2GJx2TVePNhCx3CnSwA','El Cartel Hispano','v_T4c8ayTmigIpMVLsTQGA',0,0,8136);
INSERT INTO "Battles_Players" VALUES (68177729,'LebronJames23','_z5WP_dnSjKd9JBaaM_rrw','','','','',0,1,0);
INSERT INTO "Battles_Players" VALUES (68177729,'pelonconpistola','DJ9yHxqSSgKqjJw3PAxcpA','LAUGH','KzU2GJx2TVePNhCx3CnSwA','El Cartel Hispano','v_T4c8ayTmigIpMVLsTQGA',3,0,8136);
INSERT INTO "Battles_Players" VALUES (68177558,'AcroV','PwUSWDbcSXKzDzuEGWpvbg','MOBS','bNXe7t6rSXuPO0GbvpkMnA','JUST4 FUN','fIOGML66TxCinR7-HSaIrA',1,0,25761);
INSERT INTO "Battles_Players" VALUES (68177558,'Nhann','1Hoh57C1TIScnWO1nmBUvg','MOBS','bNXe7t6rSXuPO0GbvpkMnA','JUST4 FUN','fIOGML66TxCinR7-HSaIrA',0,0,25761);
INSERT INTO "Battles_Players" VALUES (68177558,'TPT2404','PWLKORgwRyu6kRgnGmlk1w','MOBS','bNXe7t6rSXuPO0GbvpkMnA','JUST4 FUN','fIOGML66TxCinR7-HSaIrA',0,0,20651);
INSERT INTO "Battles_Players" VALUES (68177558,'BahnMiFPS','wCmQ5kKIQnSwgyIS8tvm0g','MOBS','bNXe7t6rSXuPO0GbvpkMnA','JUST4 FUN','fIOGML66TxCinR7-HSaIrA',0,0,25761);
INSERT INTO "Battles_Players" VALUES (68177558,'windalfr','8lS4wCuKSyiZ17QXNEXnrw','SEA','lLWO9hnUTjy_cAduk0Zelw','Garuda','-Cx4tJsPSQaWAIhS5Y6GoQ',0,1,0);
INSERT INTO "Battles_Players" VALUES (68177558,'RaijinXI','ooq8gKYJRWut_QvaKZSm1g','MOBS','bNXe7t6rSXuPO0GbvpkMnA','JUST4 FUN','fIOGML66TxCinR7-HSaIrA',0,0,20651);
INSERT INTO "Battles_Players" VALUES (68177558,'Lesyra','uHgeqd2OSpKbzxV3G40tGQ','','','','',0,1,0);
INSERT INTO "Battles_Players" VALUES (68177558,'Greedy127','dkDmFQ8-SVWGZ2Z6yp9OXA','MOBS','bNXe7t6rSXuPO0GbvpkMnA','JUST4 FUN','fIOGML66TxCinR7-HSaIrA',0,0,25761);
INSERT INTO "Battles_Players" VALUES (68177558,'JuraHTP','UemMMWprT9GyNmHzw7LZJw','MOBS','bNXe7t6rSXuPO0GbvpkMnA','JUST4 FUN','fIOGML66TxCinR7-HSaIrA',0,0,20651);
INSERT INTO "Battles_Players" VALUES (68177558,'MercyJ','DBs7PIY2TiO0uvFFlhZBXA','MOBS','bNXe7t6rSXuPO0GbvpkMnA','JUST4 FUN','fIOGML66TxCinR7-HSaIrA',1,0,25761);
INSERT INTO "Battles_Players" VALUES (68177558,'SemutGula','5PYGVs3QTjCVVf6q_1BL2w','SEA','lLWO9hnUTjy_cAduk0Zelw','Garuda','-Cx4tJsPSQaWAIhS5Y6GoQ',0,1,0);
INSERT INTO "Battles_Players" VALUES (68177558,'DucBeo','PzXhTCe8QIaqr-HrgBkC_A','MOBS','bNXe7t6rSXuPO0GbvpkMnA','JUST4 FUN','fIOGML66TxCinR7-HSaIrA',1,0,25761);
INSERT INTO "Battles_Players" VALUES (68177505,'Sha33ow','nzK9Q0GuTEuZMAqJlFpLPw','ARCH','hRqowi9bTw6o44R0bsmIUw','Black Forge Orcs','oXAMQGdUQxKjK0j3gVSCGw',2,0,35889);
INSERT INTO "Battles_Players" VALUES (68177505,'KrakenE','yvvuZ1-4S9OK_ia2RT9ORQ','POE','aE8QATe2RUCJU0d23y_w2w','Hammer And Sickle','1W4jhGG0QVWM93A1CcxxSg',1,0,35889);
INSERT INTO "Battles_Players" VALUES (68177505,'LilHealer','9ayhizSORC2OlvEdB34ukA','','','','',0,0,35889);
INSERT INTO "Battles_Players" VALUES (68177505,'Qanix','O4ZTAm0rQUeKWIwPEFLsSg','1941','cP1ObDONQTOEx5W7KqZQKw','Take Care','x8pr49RnSimilkapwLA3SQ',0,1,0);
INSERT INTO "Battles_Players" VALUES (68177505,'ilya20987','7uXNaSgvSHWoOQPIXnZfiQ','','','Worms Army','zHRuADcARxumK0bLvAV7bA',0,0,35889);
INSERT INTO "Battles_Players" VALUES (68177505,'KingMonty','3R3dBB2yQeymcpzWh-3HVg','','','RAQ','DOqj5AMlQPO_BR-rK7ERtw',0,0,35889);
INSERT INTO "Battles_Players" VALUES (68177505,'Ketka','KmJ81idVRtWIBN1tBkycxg','','','Ss66sS','LvR6Kq28QS2xtIc3HBexlQ',0,1,0);
INSERT INTO "Battles_Players" VALUES (68177505,'RETROSILA','jGPIuQsxSXCyr1dq3O0Hkw','ARCH','hRqowi9bTw6o44R0bsmIUw','Awful Company','61yii28pRoWZXbNnkk4rUw',0,1,0);
INSERT INTO "Battles_Players" VALUES (68177404,'Llonatan','5nTqKW_gRyqRzQvFNErrxQ','WJCNM','AGvkJVclQuqsSTl0CyxAvg','OnePunchMan','jm0l1RNlQhWeHvn1KpBA8w',0,1,131045);
INSERT INTO "Battles_Players" VALUES (68177404,'ManickS','PKjUiAKvQrS1BWnnD1wWJg','WJCNM','AGvkJVclQuqsSTl0CyxAvg','OnePunchMan','jm0l1RNlQhWeHvn1KpBA8w',2,0,131045);
INSERT INTO "Battles_Players" VALUES (68177404,'BaTIa13','DCqiaTkgTSmVyHxzZoGtcw','ARCH','hRqowi9bTw6o44R0bsmIUw','Albion Choppers','56LvSeo5SYi8EauOGQVTBA',1,1,53097);
INSERT INTO "Battles_Players" VALUES (68177404,'Mleka','RLs3Lb4sTdWnSZNPpBMVHg','RUSH','t3rQr1yPSlSb2L0PwP6RzQ','The Bandits Clan','XUOPpkaYSGSxGJt7UC-hPg',0,1,53097);
INSERT INTO "Battles_Players" VALUES (68177358,'Dedess','SZnG1c8AQiWpkfV8buuJgA','','','Black 0rder','noSyqo_MT72CrfPgQedI1A',0,1,6131);
INSERT INTO "Battles_Players" VALUES (68177358,'Ruthlezzz','A1Vt2rXOT46SQCWRRDGPvA','','','RANG','nZ53J79DRNCsfr7AewPAwg',1,1,19634);
INSERT INTO "Battles_Players" VALUES (68177358,'XsCeed','kpwUDhB1T2iwcR0CQ2NtNQ','','','RANG','nZ53J79DRNCsfr7AewPAwg',3,0,36229);
INSERT INTO "Battles_Players" VALUES (68177358,'Samuraisan','XzxSkIVtSamDUQs6S-XgFw','','','Black 0rder','noSyqo_MT72CrfPgQedI1A',0,1,6131);
INSERT INTO "Battles_Players" VALUES (68177358,'Stenya','tY4-7iOSR1aa9RZQCp8Ehg','','','Black 0rder','noSyqo_MT72CrfPgQedI1A',0,1,6131);
INSERT INTO "Battles_Players" VALUES (68177358,'Vicarious','W0ZPZ-g8QXqFn-B15tzzaA','','','RANG','nZ53J79DRNCsfr7AewPAwg',1,0,36229);
INSERT INTO "Battles_Players" VALUES (68177358,'Bamba198','RlDiBTelQfWn62jE3VvdlA','','','RANG','nZ53J79DRNCsfr7AewPAwg',0,0,36229);
INSERT INTO "Battles_Players" VALUES (68177358,'1karandash1','u-niHdcmT92HT0aipndGbg','','','Black 0rder','noSyqo_MT72CrfPgQedI1A',1,1,6131);
INSERT INTO "Battles_Players" VALUES (68177358,'MadGT','tKr6zElsSb-x77u2odUHPA','','','Black 0rder','noSyqo_MT72CrfPgQedI1A',0,1,6131);
INSERT INTO "Battles_Players" VALUES (68177358,'beezeul','C4JLbwgWSniu-XDV0L9vzQ','','','RANG','nZ53J79DRNCsfr7AewPAwg',0,0,36229);
INSERT INTO "Battles_Players" VALUES (68177339,'Bongr','XxwNuXJ7SLeKFug_UmF2rA','GBR','WGp8bBGYQoO1bQV0DwCmlA','BOCXOD','SUEffCr3QIycm_KXQbrRUA',1,0,1265);
INSERT INTO "Battles_Players" VALUES (68177339,'Kilorio','NoGOc3ARREKRH1qNlRQCNg','GBR','WGp8bBGYQoO1bQV0DwCmlA','JOD','b_-IFM6kRWyToVdaZymJ7Q',1,0,24359);
INSERT INTO "Battles_Players" VALUES (68177339,'BornakGod','jx52GyeVRJWKkTKWLSIEeQ','','','','',0,1,0);
INSERT INTO "Battles_Players" VALUES (68177339,'Ubivalllka','y0Bg2MsUTSmrdzHQWBpZNw','SEA','lLWO9hnUTjy_cAduk0Zelw','DVOSTOK','O7vkvrGJQJ-eeIoC2hQy5g',0,1,0);
INSERT INTO "Battles_Players" VALUES (68177339,'Rainerkill','gRCNfrQNS1upoFXD3d6ZXQ','ARCH','hRqowi9bTw6o44R0bsmIUw','Albion Choppers','56LvSeo5SYi8EauOGQVTBA',1,0,13954);
INSERT INTO "Battles_Players" VALUES (68177339,'Lihodeynik','ERawGsp2SFCfu9g4Trxggw','GBR','WGp8bBGYQoO1bQV0DwCmlA','BOCXOD','SUEffCr3QIycm_KXQbrRUA',0,0,24359);
INSERT INTO "Battles_Players" VALUES (68177339,'HaBepHoTAHk','GE36C4lNQbe1wkDbpiisuQ','SEA','lLWO9hnUTjy_cAduk0Zelw','DVOSTOK','O7vkvrGJQJ-eeIoC2hQy5g',0,1,0);
INSERT INTO "Battles_Players" VALUES (68177339,'Vadim228','239vmZf2RdOotSiHg1d5Lw','GBR','WGp8bBGYQoO1bQV0DwCmlA','JOD','b_-IFM6kRWyToVdaZymJ7Q',0,0,24359);
INSERT INTO "Battles_Players" VALUES (68177277,'Drakkendor','m1nNXnwWToiGi9BhqUjFZg','','','Fist of the Everchosen','n2fgNOCjR2CYvFlSVJPd8Q',0,1,0);
INSERT INTO "Battles_Players" VALUES (68177277,'Lastbuda','2HFohj_qT-m1pJqM2syRwA','','','FURIAN','MKVOK6V9QuqAJ6IV1kKLJA',0,1,0);
INSERT INTO "Battles_Players" VALUES (68177277,'Killercita','3247dk02QTCEq4uRKHk7Tg','','','Fist of the Everchosen','n2fgNOCjR2CYvFlSVJPd8Q',0,1,0);
INSERT INTO "Battles_Players" VALUES (68177277,'NoButYes','UWfEaVqrTISGXDj0Hi4fiQ','S8','mBWLvxChQ3-rIy_SKFSaoA','Njordheim','geXiSf3tS1yZDF6j4t35ww',3,0,43947);
INSERT INTO "Battles_Players" VALUES (68177277,'Celeisnub','srGnxgz-S_ShuES_wpzrAQ','','','Resonance','QQjVRyFTSI-NpsqHbHuDPg',0,0,43947);
INSERT INTO "Battles_Players" VALUES (68177187,'Dauthi','A8TVycxXSombGUYY7IgsEg','','','Legion Extranjera','U9QwSO14SoOX-zCXa93Y-g',1,0,77470);
INSERT INTO "Battles_Players" VALUES (68177187,'silentz91','8oNSVt4bQPq8i6_r75jVhQ','','','Californication','4LmpCR5FSUWIcXT-YRSBzw',0,1,9678);
INSERT INTO "Battles_Players" VALUES (68177187,'Trollmeister','M2dDU2vcTFepw1AUJLtWzg','','','Last Warn','xhXC2RlDRP6X9DsZhjXi_w',1,1,91115);
INSERT INTO "Battles_Players" VALUES (68177187,'ThyMan','fxuBT7ayQHWA1Q0SrfEy0Q','','','Californication','4LmpCR5FSUWIcXT-YRSBzw',1,1,9678);
INSERT INTO "Battles_Players" VALUES (68177182,'Dontama','4wOVD2SqTFmDRqyeNrStAw','ARCH','hRqowi9bTw6o44R0bsmIUw','TriHards','QdoeMplAQbCzglO3Ee4viA',2,0,0);
INSERT INTO "Battles_Players" VALUES (68177182,'Johnmark','npD5-dJRT-KJmTxuZLSXUA','ARCH','hRqowi9bTw6o44R0bsmIUw','BloodLusts','bV1WkdyhQLGrN4YW2IRpJQ',1,0,0);
INSERT INTO "Battles_Players" VALUES (68177182,'Ragadio','c6BfzJpsSjakaRqSi4DNxw','','','','',0,3,0);
INSERT INTO "Battles_Players" VALUES (68177153,'DRAG0UR','l3XxHM9bTHKNlEmSUzabzA','','','AP0LAKI','l-TAEjQNR9KcIbLXKiANyg',0,0,31747);
INSERT INTO "Battles_Players" VALUES (68177153,'Smill','XYe0P7vBSYGLXcbyBwQjFQ','','','','',0,1,18921);
INSERT INTO "Battles_Players" VALUES (68177153,'Lone015','9HA_sGdZStyWynB1R5PN2Q','','','AP0LAKI','l-TAEjQNR9KcIbLXKiANyg',0,0,31747);
INSERT INTO "Battles_Players" VALUES (68177153,'Tchuco','_d9kvPM3RcSJFvHLPwTycg','','','Patrulha da Noite','QJWC6LPRSyKy9QC69FiaFQ',0,1,8838);
INSERT INTO "Battles_Players" VALUES (68177153,'KarIsefni','e5hlr3l2TzeJMiusHR3lYA','','','Patrulha da Noite','QJWC6LPRSyKy9QC69FiaFQ',0,0,8838);
INSERT INTO "Battles_Players" VALUES (68177153,'ysake','h_dlnhebTpmg8QFxjuY9ug','','','Patrulha da Noite','QJWC6LPRSyKy9QC69FiaFQ',0,1,8838);
INSERT INTO "Battles_Players" VALUES (68177153,'ZORON123','oOZUt_GVTrqVVrPSq8LdHg','','','','',0,0,6146);
INSERT INTO "Battles_Players" VALUES (68177153,'curiousitykills','ZcPAWDPaRgOKTSiA2UX2Gw','','','Bunch of Wild Monkeys','78n6ueoxSmuMkfE6-TlxPg',2,0,31747);
INSERT INTO "Battles_Players" VALUES (68177153,'RyllNguh','CySe6yUhTLCSDKnOuI2RXw','','','AP0LAKI','l-TAEjQNR9KcIbLXKiANyg',1,0,31747);
INSERT INTO "Battles_Players" VALUES (68177153,'BarelyCat','p7p-9OU6SAi5h7VTXhuFiQ','','','Patrulha da Noite','QJWC6LPRSyKy9QC69FiaFQ',1,1,8838);
INSERT INTO "Battles_Players" VALUES (68176987,'whitenail','INieivk3RgSGa4DUEHx4rw','POE','aE8QATe2RUCJU0d23y_w2w','HustlinHitmans','2VCzFKvbTFKiKRUhQjjw1w',0,0,4672);
INSERT INTO "Battles_Players" VALUES (68176987,'WlZARD','dfv5qbpBTZ27llYKh4DiSg','','','Fear Nothing Risk Everything','sNOvgCn7QI-c73yYIjCilg',0,1,0);
INSERT INTO "Battles_Players" VALUES (68176987,'FrodoInBeutel','KJEFl9plR_eNDOUE3_sN4w','','','','',0,1,0);
INSERT INTO "Battles_Players" VALUES (68176987,'LordEstarossa','vyVafELXTNiRhSXT8PrT8g','POE','aE8QATe2RUCJU0d23y_w2w','HustlinHitmans','2VCzFKvbTFKiKRUhQjjw1w',1,0,6715);
INSERT INTO "Battles_Players" VALUES (68176987,'Griswaalt','day_Q80aSq2U21EeFV83UA','','','Overlooked','4BjJDixkQt6Fki4w2OKwLw',0,1,0);
INSERT INTO "Battles_Players" VALUES (68176987,'Kiodushi','eWbOHUESRNGI6qLzsW-A9g','','','Overlooked','4BjJDixkQt6Fki4w2OKwLw',0,1,0);
INSERT INTO "Battles_Players" VALUES (68176987,'toqs1986','YcT4e7IjQlmNkx8LZeEohg','POE','aE8QATe2RUCJU0d23y_w2w','HustlinHitmans','2VCzFKvbTFKiKRUhQjjw1w',1,0,7219);
INSERT INTO "Battles_Players" VALUES (68176987,'WutangKlaan','lWcNt_rSTTa-6FN-A2W5xg','1941','cP1ObDONQTOEx5W7KqZQKw','TakeCare','2FoZ7LTiQWOCm2BpdmTvBQ',0,1,0);
INSERT INTO "Battles_Players" VALUES (68176987,'ECOpray','h35V6i9qS3mGKSWTiJGdwg','POE','aE8QATe2RUCJU0d23y_w2w','HustlinHitmans','2VCzFKvbTFKiKRUhQjjw1w',2,0,7219);
INSERT INTO "Battles_Players" VALUES (68176987,'llButcher','tfS-G5W7RWCQ7cWbueR5fA','','','Agresor','D13iPs9mTlKokUjiXY5mwg',1,0,4672);
INSERT INTO "Battles_Players" VALUES (68176936,'Touharnan','I_C8u7IXQm6p70ilKtHQ7Q','','','RAQ','DOqj5AMlQPO_BR-rK7ERtw',0,1,0);
INSERT INTO "Battles_Players" VALUES (68176936,'Holonomy','JJ77p5w1Slq0sT_DU7R19A','SURF','2dPEm_9DTAOFV1JTENHZ8g','Tidal','E9gCvKSFTiW1jKwcwEEgiQ',1,0,9129);
INSERT INTO "Battles_Players" VALUES (68176936,'TomCuze','2flcqFPqSbWDSOy764nrPA','','','RAQ','DOqj5AMlQPO_BR-rK7ERtw',0,1,0);
INSERT INTO "Battles_Players" VALUES (68176936,'taenoob','6U8PxdLRRkWn_LVDp8o2uA','','','RAQ','DOqj5AMlQPO_BR-rK7ERtw',0,1,0);
INSERT INTO "Battles_Players" VALUES (68176936,'Strength','vQiykPROTze5pPz6sfFR2w','TMNT','bgbI1c5yR4KCDNSGXg9ogA','Bunch of Rats','jfVCyUswTwWplwdUVwl23w',3,0,9129);
INSERT INTO "Battles_Players" VALUES (68176936,'Kretec','h68qIcMoSJy17K687bnd4g','WJCNM','AGvkJVclQuqsSTl0CyxAvg','OnePunchMan','jm0l1RNlQhWeHvn1KpBA8w',0,0,9129);
INSERT INTO "Battles_Players" VALUES (68176936,'hazyblue','u8dL5sXtS2q-NiTVFJdPOw','','','RAQ','DOqj5AMlQPO_BR-rK7ERtw',0,1,0);
INSERT INTO "Battles_Players" VALUES (68176936,'ThChucK','akBJUtxtTmuF13oq6Q0tyQ','','','RAQ','DOqj5AMlQPO_BR-rK7ERtw',0,1,0);
INSERT INTO "Battles_Players" VALUES (68176936,'Jaquouille','QHp0vWreTK-Zeb1QABChew','MOBS','bNXe7t6rSXuPO0GbvpkMnA','Roll Back','LXfjEj7nTYG8toKzOWHw1w',1,0,9129);
INSERT INTO "Battles_Players" VALUES (68176936,'bigcock','pRQbDSbHQIOq_BcI--dRKA','','','Tea Party','BJX2ag6YTvGxo_wFRhjfig',0,0,9129);
INSERT INTO "Battles_Players" VALUES (68176852,'Coquelicia','pRd4Wv59TSi1DyoLrT1Xrg','','','Last Warn','xhXC2RlDRP6X9DsZhjXi_w',0,0,12831);
INSERT INTO "Battles_Players" VALUES (68176852,'Tasmaz','PiS-kCExTxmQ4Dmwdxs3Mw','ARCH','hRqowi9bTw6o44R0bsmIUw','Black Forge Orcs','oXAMQGdUQxKjK0j3gVSCGw',0,1,0);
INSERT INTO "Battles_Players" VALUES (68176852,'Hunterwar','p5RpVNORSMe8DJ2QYsFetg','ARCH','hRqowi9bTw6o44R0bsmIUw','L I N A J E','wqY5pVW5TzySTr7pbEnaMg',0,3,0);
INSERT INTO "Battles_Players" VALUES (68176852,'Jerere','bW3vaYhQTdW9hpa00mT5YA','','','Last Warn','xhXC2RlDRP6X9DsZhjXi_w',8,0,56992);
INSERT INTO "Battles_Players" VALUES (68176852,'PaiLU1SA0','Tfrd5mUKRXWeG4BRn4l1HA','','','Last Warn','xhXC2RlDRP6X9DsZhjXi_w',0,0,56992);
INSERT INTO "Battles_Players" VALUES (68176852,'MMerlinM','oUx6RuLDSNOs3mQsl0tQbQ','ARCH','hRqowi9bTw6o44R0bsmIUw','Iron Hand','-XLLAI9hTP6wvJM8kIVY5g',0,1,0);
INSERT INTO "Battles_Players" VALUES (68176852,'iWF','RQOskpKoQe6id5dPsDBPVA','','','Last Warn','xhXC2RlDRP6X9DsZhjXi_w',4,0,56992);
INSERT INTO "Battles_Players" VALUES (68176852,'terminux','EQ8A9tAgTBeA-uJsksE6Gg','ARCH','hRqowi9bTw6o44R0bsmIUw','L I N A J E','wqY5pVW5TzySTr7pbEnaMg',0,1,0);
INSERT INTO "Battles_Players" VALUES (68176852,'Laurowns','-GgojQyJQeSTKsR2QhZmvg','','','Last Warn','xhXC2RlDRP6X9DsZhjXi_w',0,0,14338);
INSERT INTO "Battles_Players" VALUES (68176852,'Kolord','sDLmhBjXTzKiJpgLljEwZw','ARCH','hRqowi9bTw6o44R0bsmIUw','L I N A J E','wqY5pVW5TzySTr7pbEnaMg',0,1,0);
INSERT INTO "Battles_Players" VALUES (68176852,'SrOscuroxD','GXWbIFiLRTqRUQw2iHQMzg','ARCH','hRqowi9bTw6o44R0bsmIUw','L I N A J E','wqY5pVW5TzySTr7pbEnaMg',0,3,0);
INSERT INTO "Battles_Players" VALUES (68176852,'scyzol','O1C6naKJQoW3NY4Mduf2JQ','ARCH','hRqowi9bTw6o44R0bsmIUw','Awful Company 42069','Yj9iCUM9TeSlSyRuaiXV7A',0,1,0);
INSERT INTO "Battles_Players" VALUES (68176852,'4Small','Ucb7iNi9TgqmmEc9WRI_3w','ARCH','hRqowi9bTw6o44R0bsmIUw','Iron Hand','-XLLAI9hTP6wvJM8kIVY5g',0,1,0);
INSERT INTO "Battles_Players" VALUES (68176765,'guizao2','YcKjHB_jS2OIDv8-zLFdfQ','','','sex with ex','CyphOpOZTFuqRTS-hRO2hg',1,0,8408);
INSERT INTO "Battles_Players" VALUES (68176765,'LateRedemption','TvKa4DboSLO2vLD_uid0iQ','SEND','oU5RS9WOTdaw8JgfbBK7wA','Final Order','LKYQ8b0mTvaPk0LxVny5UQ',1,0,8408);
INSERT INTO "Battles_Players" VALUES (68176765,'Zawierek','F62URJgcRAGwUpHaSsX6Qw','LIONS','JUFJMAiQT6K3AXxp90QThQ','Bursztynowy Kartel','z2jnusGLRIqF0oT_-tOTKg',0,1,0);
INSERT INTO "Battles_Players" VALUES (68176765,'MaciusG','cvRokc3gT52tp9jek792dw','LIONS','JUFJMAiQT6K3AXxp90QThQ','Bursztynowy Kartel','z2jnusGLRIqF0oT_-tOTKg',0,1,0);
INSERT INTO "Battles_Players" VALUES (68176765,'Kajmanek','Z4NvHjIQSkyjQKlfJwN9-w','LIONS','JUFJMAiQT6K3AXxp90QThQ','Bursztynowy Kartel','z2jnusGLRIqF0oT_-tOTKg',0,1,0);
INSERT INTO "Battles_Players" VALUES (68176765,'ChibiIzuru','NJNABh3CQgyNl_eG2SnWBA','LIONS','JUFJMAiQT6K3AXxp90QThQ','Bursztynowy Kartel','z2jnusGLRIqF0oT_-tOTKg',0,1,0);
INSERT INTO "Battles_Players" VALUES (68176765,'Suud','YV744h_LS1uMOInPCevP_w','LIONS','JUFJMAiQT6K3AXxp90QThQ','Bursztynowy Kartel','z2jnusGLRIqF0oT_-tOTKg',0,1,0);
INSERT INTO "Battles_Players" VALUES (68176765,'Smondinha','DHxRGwdLRe6TBwdqc9j2Ng','','','sex with ex','CyphOpOZTFuqRTS-hRO2hg',0,0,8408);
INSERT INTO "Battles_Players" VALUES (68176765,'Cartun','LVXkM47aS56mOmC-ZVz_zA','','','sex with ex','CyphOpOZTFuqRTS-hRO2hg',2,0,8408);
INSERT INTO "Battles_Players" VALUES (68176765,'Grilu','i_nskqXQREWPxK5kZUvoIQ','','','Target','F4K9lC8mTSi5MchYkziYrA',1,0,8408);
INSERT INTO "Battles_Players" VALUES (68176668,'Ruthlezzz','A1Vt2rXOT46SQCWRRDGPvA','','','RANG','nZ53J79DRNCsfr7AewPAwg',0,1,0);
INSERT INTO "Battles_Players" VALUES (68176668,'XsCeed','kpwUDhB1T2iwcR0CQ2NtNQ','','','RANG','nZ53J79DRNCsfr7AewPAwg',0,1,0);
INSERT INTO "Battles_Players" VALUES (68176668,'Sha33ow','nzK9Q0GuTEuZMAqJlFpLPw','ARCH','hRqowi9bTw6o44R0bsmIUw','Black Forge Orcs','oXAMQGdUQxKjK0j3gVSCGw',2,0,40811);
INSERT INTO "Battles_Players" VALUES (68176668,'KrakenE','yvvuZ1-4S9OK_ia2RT9ORQ','POE','aE8QATe2RUCJU0d23y_w2w','Hammer And Sickle','1W4jhGG0QVWM93A1CcxxSg',1,0,40811);
INSERT INTO "Battles_Players" VALUES (68176668,'LilHealer','9ayhizSORC2OlvEdB34ukA','','','','',1,1,40811);
INSERT INTO "Battles_Players" VALUES (68176668,'ilya20987','7uXNaSgvSHWoOQPIXnZfiQ','','','Worms Army','zHRuADcARxumK0bLvAV7bA',0,0,40811);
INSERT INTO "Battles_Players" VALUES (68176668,'Vicarious','W0ZPZ-g8QXqFn-B15tzzaA','','','RANG','nZ53J79DRNCsfr7AewPAwg',1,0,95209);
INSERT INTO "Battles_Players" VALUES (68176668,'Bamba198','RlDiBTelQfWn62jE3VvdlA','','','RANG','nZ53J79DRNCsfr7AewPAwg',0,1,0);
INSERT INTO "Battles_Players" VALUES (68176668,'KingMonty','3R3dBB2yQeymcpzWh-3HVg','','','RAQ','DOqj5AMlQPO_BR-rK7ERtw',0,0,40811);
INSERT INTO "Battles_Players" VALUES (68176668,'beezeul','C4JLbwgWSniu-XDV0L9vzQ','','','RANG','nZ53J79DRNCsfr7AewPAwg',0,1,0);
INSERT INTO "Battles_Players" VALUES (68176650,'MADKiRA','egWl4LCYQ-CavwY7z6504w','ARCH','hRqowi9bTw6o44R0bsmIUw','Awful Company','61yii28pRoWZXbNnkk4rUw',3,0,43049);
INSERT INTO "Battles_Players" VALUES (68176650,'poweroflove','kYdTTxX_Qi2BCFbj15r0ZQ','ARCH','hRqowi9bTw6o44R0bsmIUw','Awful Company','61yii28pRoWZXbNnkk4rUw',0,0,43049);
INSERT INTO "Battles_Players" VALUES (68176650,'Omy007','fzXoxMa5TH6g5rL2FvvPsw','','','Legion Extranjera','U9QwSO14SoOX-zCXa93Y-g',0,1,6958);
INSERT INTO "Battles_Players" VALUES (68176650,'Axellot','TB2Uf19FQRWv0JjZIlUVpQ','','','Legion Extranjera','U9QwSO14SoOX-zCXa93Y-g',0,1,6958);
INSERT INTO "Battles_Players" VALUES (68176650,'BlanquitoFashon','L6wErMS6TJiH3XUzEUfy2g','','','Legion Extranjera','U9QwSO14SoOX-zCXa93Y-g',1,1,6958);
INSERT INTO "Battles_Players" VALUES (68176650,'GermanCL','QxBy0DYlQhO_m_89sYsWqg','','','Legion Extranjera','U9QwSO14SoOX-zCXa93Y-g',0,0,6958);
INSERT INTO "Battles_Players" VALUES (68176650,'DeathToU','3Pdn1HkDQkmGQ8iwmXlH_g','ARCH','hRqowi9bTw6o44R0bsmIUw','TriHards','QdoeMplAQbCzglO3Ee4viA',0,1,12776);
INSERT INTO "Battles_Players" VALUES (68176650,'Njaldor','3doU87nCQOKBAJTKs2Cipg','ARCH','hRqowi9bTw6o44R0bsmIUw','Cxl','9Zd0kC--SjyOd5pYCTrYdQ',0,0,43049);
INSERT INTO "Battles_Players" VALUES (68176546,'Vehuel','hLX6uU5uR-qiL8jXz7nsRg','','','Sancta Inquisitio','odCRM1UIT_GL_rqpDjHBnw',0,1,0);
INSERT INTO "Battles_Players" VALUES (68176546,'flowercat','Sztx3_L6RnCMZw-FWopytg','SEA','lLWO9hnUTjy_cAduk0Zelw','Formosa Rangers','khGGFWZBRHuEoGzIOaTQ6g',1,0,148466);
INSERT INTO "Battles_Players" VALUES (68176546,'Zacrim','AX_7zeEdRzWI6oKw4V7jYw','','','Aesir Industries','2L9cWRbvRyWp-m53Ozw1gQ',0,1,0);
INSERT INTO "Battles_Players" VALUES (68176546,'vocayear','6R_U3KpNQNyV5pFAw5GhtQ','SEA','lLWO9hnUTjy_cAduk0Zelw','Formosa Rangers','khGGFWZBRHuEoGzIOaTQ6g',3,0,163630);
INSERT INTO "Battles_Players" VALUES (68176546,'StraussLind','Li4i6j3kTbibmF0tIN8AnA','','','Sancta Inquisitio','odCRM1UIT_GL_rqpDjHBnw',0,1,0);
INSERT INTO "Battles_Players" VALUES (68176546,'Auilmire','9FK025dwTCaIHHDi7qKQuw','','','Aesir Industries','2L9cWRbvRyWp-m53Ozw1gQ',0,1,0);
INSERT INTO "Battles_Players" VALUES (68176464,'Jhaos','_2H49XYHRPegTzI8XXoIpg','YOU','LBTSihgiTZ-4ip-mX8E24Q','Orden Del Caos','G-6_TXhxTFWeTBa7tQF2ag',0,1,0);
INSERT INTO "Battles_Players" VALUES (68176464,'MushiKim','BNfgIBM1QBmR0V6k340PLw','','','Heroes Del Silencio','mXUs-S--RFeOtD_OYeMrYw',1,0,21574);
INSERT INTO "Battles_Players" VALUES (68176464,'Impentus','0Rat5k3PTWyyl8EGW4y1qg','','','The Young Turks','Bn75X_umQG2bknOIw9RDFw',0,1,0);
INSERT INTO "Battles_Players" VALUES (68176464,'RicFreecss','hZexgzIiQ6KHv9CDK5gVWg','','','Heroes Del Silencio','mXUs-S--RFeOtD_OYeMrYw',2,0,21574);
INSERT INTO "Battles_Players" VALUES (68176464,'Sourceres','RNsWyKpfRi-QyExMjGhkpA','','','Heroes Del Silencio','mXUs-S--RFeOtD_OYeMrYw',0,0,12550);
INSERT INTO "Battles_Players" VALUES (68176464,'KilMonggar','vkxwSvcSRda_GiWmQVc8pg','VOICE','elLRA-LKQ1yJlshWVPOALw','Jarldom Of Carldric','IfsfIDvzRlar4N0CSSp3Zw',0,1,0);
INSERT INTO "Battles_Players" VALUES (68176163,'UncleRAY2','0QX8mz1lSMGz6dNNHwbP2A','SEA','lLWO9hnUTjy_cAduk0Zelw','KHAOS','-4YxIHwIRIG__EcWZ1F3Ew',0,0,1997);
INSERT INTO "Battles_Players" VALUES (68176163,'xBxne','3-jSUciDTy25FQVfpbotAw','SEA','lLWO9hnUTjy_cAduk0Zelw','KHAOS','-4YxIHwIRIG__EcWZ1F3Ew',0,1,15494);
INSERT INTO "Battles_Players" VALUES (68176163,'Banszi','4G3goSQGT66wJrlFqLZm9Q','BACON','YTDHbAP-SA2l7cjRviSGJg','ESpire','F1YRBJEQRFOb1oYgUtw9Ug',0,1,0);
INSERT INTO "Battles_Players" VALUES (68176163,'Ayeiin','ckVuQZM-QKSY2U82jUijFg','SEA','lLWO9hnUTjy_cAduk0Zelw','KHAOS','-4YxIHwIRIG__EcWZ1F3Ew',0,1,15632);
INSERT INTO "Battles_Players" VALUES (68176163,'CappuccinoJedi','guntSQQSRmq7yzuSn1DtsQ','','','Agresor','D13iPs9mTlKokUjiXY5mwg',0,1,15594);
INSERT INTO "Battles_Players" VALUES (68176163,'Starkzera','nROYjGISQomatoz2i-18QA','','','Target','F4K9lC8mTSi5MchYkziYrA',0,1,0);
INSERT INTO "Battles_Players" VALUES (68176163,'DemonShield','BMUl8TFHTj2YHkSZJHimBg','SEA','lLWO9hnUTjy_cAduk0Zelw','KHAOS','-4YxIHwIRIG__EcWZ1F3Ew',0,0,1997);
INSERT INTO "Battles_Players" VALUES (68176163,'Bamba198','RlDiBTelQfWn62jE3VvdlA','','','RANG','nZ53J79DRNCsfr7AewPAwg',1,0,94590);
INSERT INTO "Battles_Players" VALUES (68176163,'Vicarious','W0ZPZ-g8QXqFn-B15tzzaA','','','RANG','nZ53J79DRNCsfr7AewPAwg',0,0,94590);
INSERT INTO "Battles_Players" VALUES (68176163,'Urkgnath','XvlPSjjTSWeLnJDDoRC5ug','SEA','lLWO9hnUTjy_cAduk0Zelw','KHAOS','-4YxIHwIRIG__EcWZ1F3Ew',1,1,15632);
INSERT INTO "Battles_Players" VALUES (68176163,'Dmonicon','lnf9_KpAQzeOhfSTGwdC8w','SEA','lLWO9hnUTjy_cAduk0Zelw','KHAOS','-4YxIHwIRIG__EcWZ1F3Ew',1,0,15632);
INSERT INTO "Battles_Players" VALUES (68176163,'Voltyr','B-zGVlAHSMeijnDGLnI7uQ','SEA','lLWO9hnUTjy_cAduk0Zelw','KHAOS','-4YxIHwIRIG__EcWZ1F3Ew',2,1,15632);
INSERT INTO "Battles_Players" VALUES (68176163,'XsCeed','kpwUDhB1T2iwcR0CQ2NtNQ','','','RANG','nZ53J79DRNCsfr7AewPAwg',0,0,94590);
INSERT INTO "Battles_Players" VALUES (68176163,'Romasi','PRXcUSaUS6qE5apjmU4ogw','','','Target','F4K9lC8mTSi5MchYkziYrA',2,0,131020);
INSERT INTO "Battles_Players" VALUES (68176163,'Cebuano','_tMJsqBTT9ih4TVj3iHXyQ','SEA','lLWO9hnUTjy_cAduk0Zelw','KHAOS','-4YxIHwIRIG__EcWZ1F3Ew',0,0,1997);
INSERT INTO "Battles_Players" VALUES (68176163,'Elliez','wGr0PReAQWWxfzOU2qU1xw','SEA','lLWO9hnUTjy_cAduk0Zelw','KHAOS','-4YxIHwIRIG__EcWZ1F3Ew',0,1,8591);
INSERT INTO "Battles_Players" VALUES (68176163,'Alvesta','Aj_tgvTqTgqsvsG8zUGmkA','SEA','lLWO9hnUTjy_cAduk0Zelw','KHAOS','-4YxIHwIRIG__EcWZ1F3Ew',1,0,1997);
INSERT INTO "Battles_Players" VALUES (68176163,'CrushofLolitas98','ytVw3nRCRYSIGFYHw8gg7Q','POE','aE8QATe2RUCJU0d23y_w2w','HustlinHitmans','2VCzFKvbTFKiKRUhQjjw1w',3,0,141790);
INSERT INTO "Battles_Players" VALUES (68176163,'magic69','N2ErEMX8TC2noQHzbiZm2A','SEA','lLWO9hnUTjy_cAduk0Zelw','KHAOS','-4YxIHwIRIG__EcWZ1F3Ew',0,0,1997);
INSERT INTO "Battles_Players" VALUES (68176163,'McChatienJade','nOgRTC4_QCyFVn15Bbdv5w','SEA','lLWO9hnUTjy_cAduk0Zelw','KHAOS','-4YxIHwIRIG__EcWZ1F3Ew',0,1,15494);
INSERT INTO "Battles_Players" VALUES (68176163,'beezeul','C4JLbwgWSniu-XDV0L9vzQ','','','RANG','nZ53J79DRNCsfr7AewPAwg',0,1,0);
INSERT INTO "Battles_Players" VALUES (68176163,'Ashlyne','MtSzjRR2QR6OP0kOh6RMxw','BEE','T5Qh7oogTTWKzr9HhUxX_w','Our Guild','pEKHHELCQb2pGRqukfJ2cg',1,0,7742);
INSERT INTO "Battles_Players" VALUES (68176163,'CallMeLegend','vV9gdJCbSNiseawkVUMZ9g','','','La Orden de los Istaris','41N2gUa7RWibw68aGoDIbQ',1,0,49045);
INSERT INTO "Battles_Players" VALUES (68176163,'Nadri','kKggcbSbRRebDkwcmONVZQ','','','GTs Home','4ppCMeFUTB2FmlKKxK1Mnw',2,0,346391);
INSERT INTO "Battles_Players" VALUES (68176163,'PLebe','qnxPh8yQT0qzOLvtrkHZbw','SEA','lLWO9hnUTjy_cAduk0Zelw','KHAOS','-4YxIHwIRIG__EcWZ1F3Ew',1,0,15632);
INSERT INTO "Battles_Players" VALUES (68176163,'RoxanneR','gcwANu6RRiSmeSdpioFU_A','','','Agresor','D13iPs9mTlKokUjiXY5mwg',0,1,8491);
INSERT INTO "Battles_Players" VALUES (68176163,'atzk','M8otoseeSnCucLO61UQ-tA','','','La Orden de los Istaris','41N2gUa7RWibw68aGoDIbQ',0,1,0);
INSERT INTO "Battles_Players" VALUES (68176163,'MarciaI','q6oBNnofTvWf54J0JLdkBg','BEE','T5Qh7oogTTWKzr9HhUxX_w','Our Guild','pEKHHELCQb2pGRqukfJ2cg',0,0,7742);
INSERT INTO "Battles_Players" VALUES (68176163,'zDarkCrazy','A7p7ROSARBa95w9UiUbvUQ','','','','',0,2,0);
INSERT INTO "Battles_Players" VALUES (68176163,'ValkyrieR','zLTta1HaQ9OM0ch_IwjZVw','','','Target','F4K9lC8mTSi5MchYkziYrA',0,0,131020);
INSERT INTO "Battles_Players" VALUES (68176163,'MainCocina','eM1l-kxqSliGcV3MZ5TIOA','','','TCero','KmJS7qL1T3uo-hrs_uTSdw',0,1,0);
INSERT INTO "Battles_Players" VALUES (68176163,'Kardel','2-XR74l8QSCYEYQZEOnY-Q','SEA','lLWO9hnUTjy_cAduk0Zelw','KHAOS','-4YxIHwIRIG__EcWZ1F3Ew',0,0,1997);
INSERT INTO "Battles_Players" VALUES (68176163,'LXIXPhish','PJAUJR4aQqW4acEDTdFZLQ','SEA','lLWO9hnUTjy_cAduk0Zelw','KHAOS','-4YxIHwIRIG__EcWZ1F3Ew',0,1,15632);
INSERT INTO "Battles_Players" VALUES (68176163,'ZeroXDeath','l8s-_AGMS46616p2Fwmayw','BEE','T5Qh7oogTTWKzr9HhUxX_w','Our Guild','pEKHHELCQb2pGRqukfJ2cg',0,0,7742);
INSERT INTO "Battles_Players" VALUES (68176163,'PaYaTaBss','tCiexNwbSfKqO0iDHMwyRQ','SEA','lLWO9hnUTjy_cAduk0Zelw','KHAOS','-4YxIHwIRIG__EcWZ1F3Ew',0,0,1997);
INSERT INTO "Battles_Players" VALUES (68176125,'Exeeeeed','RX0ZY5-aTm2DT51q5qyVEA','','','REPUBLIKA NG PILIPINAS','F0MFIeHPQRqFaz-C-M5Tyw',0,0,40796);
INSERT INTO "Battles_Players" VALUES (68176125,'Loureen','GHPOWcJaRQWEVNKrkYxXAg','','','REPUBLIKA NG PILIPINAS','F0MFIeHPQRqFaz-C-M5Tyw',2,0,40796);
INSERT INTO "Battles_Players" VALUES (68176125,'Virmikov','uvTU9Q6tRx6toe9HSSLC0Q','BACON','YTDHbAP-SA2l7cjRviSGJg','The Ruthless Seven','_V1WgRiSS9aqi1elPm_2nA',0,1,0);
INSERT INTO "Battles_Players" VALUES (68176125,'rivvvv','Pq92S3oIRxC6oBkV-ULUyQ','ARCH','hRqowi9bTw6o44R0bsmIUw','Awful Company','61yii28pRoWZXbNnkk4rUw',0,0,40796);
INSERT INTO "Battles_Players" VALUES (68176125,'Chocolanay','S_pFrRrIRUWH6W0DJ63EGA','','','REPUBLIKA NG PILIPINAS','F0MFIeHPQRqFaz-C-M5Tyw',0,0,40796);
INSERT INTO "Battles_Players" VALUES (68176125,'eviltiwn','pXaFWGEYQ-aYg-VFMLf6Jw','BACON','YTDHbAP-SA2l7cjRviSGJg','O n e P i e c e','a4NGROkDTjSykf1bLCInwA',0,1,0);
INSERT INTO "Battles_Players" VALUES (68176125,'Razieck','Wtg982JjTqWtRtEleyVk3Q','BACON','YTDHbAP-SA2l7cjRviSGJg','The Ruthless Seven','_V1WgRiSS9aqi1elPm_2nA',0,1,0);
INSERT INTO "Battles_Players" VALUES (68176125,'MicroPP','-Kye5v6KSVedopyfcHNLGg','','','REPUBLIKA NG PILIPINAS','F0MFIeHPQRqFaz-C-M5Tyw',2,0,40796);
INSERT INTO "Battles_Players" VALUES (68176125,'gopia','bvSAVMjzTyK3-SnPtv9XFA','BACON','YTDHbAP-SA2l7cjRviSGJg','The Ruthless Seven','_V1WgRiSS9aqi1elPm_2nA',0,1,0);
INSERT INTO "Battles_Players" VALUES (68176034,'JesusNegrito','FBWX3s_ORqWxfE8tlIW1jg','','','Patrulha da Noite','QJWC6LPRSyKy9QC69FiaFQ',0,1,0);
INSERT INTO "Battles_Players" VALUES (68176034,'mobbaren','NspP84PERjuCqUuDq1aJtA','S8','mBWLvxChQ3-rIy_SKFSaoA','Njordheim','geXiSf3tS1yZDF6j4t35ww',3,0,225817);
INSERT INTO "Battles_Players" VALUES (68176034,'Hazwek','MzFJY224R0-KFQxpcw7fOQ','','','Patrulha da Noite','QJWC6LPRSyKy9QC69FiaFQ',0,1,0);
INSERT INTO "Battles_Players" VALUES (68176034,'FULLTHIAGO','8s-0JyNAQhGqKp5QQqmGHg','','','Patrulha da Noite','QJWC6LPRSyKy9QC69FiaFQ',0,1,0);
INSERT INTO "Battles_Players" VALUES (68175944,'MushiKim','BNfgIBM1QBmR0V6k340PLw','','','Heroes Del Silencio','mXUs-S--RFeOtD_OYeMrYw',0,0,120390);
INSERT INTO "Battles_Players" VALUES (68175944,'Chernovous','pGEnNuZeTe-0I0vQ4ReqyA','xPOE','Cqs1_GJqRgqfHYnhtZb5Xg','Yaga','JsxEicK3SC2Co8NX96PtAg',0,1,0);
INSERT INTO "Battles_Players" VALUES (68175944,'RicFreecss','hZexgzIiQ6KHv9CDK5gVWg','','','Heroes Del Silencio','mXUs-S--RFeOtD_OYeMrYw',0,1,120390);
INSERT INTO "Battles_Players" VALUES (68175944,'Qwaizo','CzLFfQgxQbW_4IovxoUv4Q','xPOE','Cqs1_GJqRgqfHYnhtZb5Xg','Yaga','JsxEicK3SC2Co8NX96PtAg',0,1,0);
INSERT INTO "Battles_Players" VALUES (68175944,'Sourceres','RNsWyKpfRi-QyExMjGhkpA','','','Heroes Del Silencio','mXUs-S--RFeOtD_OYeMrYw',1,0,120390);
INSERT INTO "Battles_Players" VALUES (68175944,'Dallaa','zFoRFqZQRrW63UT8HuNLFw','','','Rage Control','vNjvR2e9Sp2dqLYRhbkpmQ',2,0,394949);
INSERT INTO "Battles_Players" VALUES (68175934,'IAcidBurn','gTvNUYO_SNy719OGQYErzQ','','','Conflict','f9etJ9tgTVW2LMsA3efITg',1,1,13423);
INSERT INTO "Battles_Players" VALUES (68175934,'WarGodL','yDMxFNNRTxa1sV0-UUbHfw','SEA','lLWO9hnUTjy_cAduk0Zelw','GOSTOP','7RUPfYr5QZGZ6inXy0pefQ',1,0,64359);
INSERT INTO "Battles_Players" VALUES (68175934,'IsaiahNEO','JJF6oDf4Sj6MpRt3tpj0JA','SEA','lLWO9hnUTjy_cAduk0Zelw','GOSTOP','7RUPfYr5QZGZ6inXy0pefQ',1,1,14669);
INSERT INTO "Battles_Players" VALUES (68175934,'Lily0v0','TBRYZQfHQs2GEdHRmNw55g','','','Conflict','f9etJ9tgTVW2LMsA3efITg',0,1,13423);
INSERT INTO "Battles_Players" VALUES (68175818,'skankhunt50','XkThDLNwTHmjYxrxoetxLQ','','','6324upup','hZzz3PKcSNaCQ_amzw83Ng',1,0,30159);
INSERT INTO "Battles_Players" VALUES (68175818,'Linkelle','H9FW2ueBQBOU0jZZ6JzLuA','','','6324upup','hZzz3PKcSNaCQ_amzw83Ng',1,1,30159);
INSERT INTO "Battles_Players" VALUES (68175818,'Aerros','jD85-ikgTNu7tU8UjjhFkw','CLAP','XU4UiktARxKl2IcxPXJ9Sg','TheKingsmen','PJ-85h00T1GmxN8UIjbufA',1,1,34580);
INSERT INTO "Battles_Players" VALUES (68175818,'King1koda','Uqr1q4LPRRGpjL_ZYYAmYA','CLAP','XU4UiktARxKl2IcxPXJ9Sg','TheKingsmen','PJ-85h00T1GmxN8UIjbufA',0,1,34580);
INSERT INTO "Battles_Players" VALUES (68175785,'Ruthlezzz','A1Vt2rXOT46SQCWRRDGPvA','','','RANG','nZ53J79DRNCsfr7AewPAwg',0,1,24814);
INSERT INTO "Battles_Players" VALUES (68175785,'XsCeed','kpwUDhB1T2iwcR0CQ2NtNQ','','','RANG','nZ53J79DRNCsfr7AewPAwg',0,1,24814);
INSERT INTO "Battles_Players" VALUES (68175785,'guizao2','YcKjHB_jS2OIDv8-zLFdfQ','','','sex with ex','CyphOpOZTFuqRTS-hRO2hg',0,1,35061);
INSERT INTO "Battles_Players" VALUES (68175785,'LateRedemption','TvKa4DboSLO2vLD_uid0iQ','SEND','oU5RS9WOTdaw8JgfbBK7wA','Final Order','LKYQ8b0mTvaPk0LxVny5UQ',2,0,58091);
INSERT INTO "Battles_Players" VALUES (68175785,'Bamba198','RlDiBTelQfWn62jE3VvdlA','','','RANG','nZ53J79DRNCsfr7AewPAwg',0,1,24814);
INSERT INTO "Battles_Players" VALUES (68175785,'Lax1','Fp2poga3QjeVfawRf4RV5g','','','RANG','nZ53J79DRNCsfr7AewPAwg',1,1,24814);
INSERT INTO "Battles_Players" VALUES (68175785,'Smondinha','DHxRGwdLRe6TBwdqc9j2Ng','','','sex with ex','CyphOpOZTFuqRTS-hRO2hg',0,0,58091);
INSERT INTO "Battles_Players" VALUES (68175785,'beezeul','C4JLbwgWSniu-XDV0L9vzQ','','','RANG','nZ53J79DRNCsfr7AewPAwg',0,1,24814);
INSERT INTO "Battles_Players" VALUES (68175785,'Cartun','LVXkM47aS56mOmC-ZVz_zA','','','sex with ex','CyphOpOZTFuqRTS-hRO2hg',2,0,58091);
INSERT INTO "Battles_Players" VALUES (68175785,'Grilu','i_nskqXQREWPxK5kZUvoIQ','','','Target','F4K9lC8mTSi5MchYkziYrA',1,0,58091);
INSERT INTO "Battles_Players" VALUES (68175694,'Coquelicia','pRd4Wv59TSi1DyoLrT1Xrg','','','Last Warn','xhXC2RlDRP6X9DsZhjXi_w',2,0,29935);
INSERT INTO "Battles_Players" VALUES (68175694,'Jerere','bW3vaYhQTdW9hpa00mT5YA','','','Last Warn','xhXC2RlDRP6X9DsZhjXi_w',1,1,29935);
INSERT INTO "Battles_Players" VALUES (68175694,'PaiLU1SA0','Tfrd5mUKRXWeG4BRn4l1HA','','','Last Warn','xhXC2RlDRP6X9DsZhjXi_w',0,0,19321);
INSERT INTO "Battles_Players" VALUES (68175694,'Omy007','fzXoxMa5TH6g5rL2FvvPsw','','','Legion Extranjera','U9QwSO14SoOX-zCXa93Y-g',0,1,7626);
INSERT INTO "Battles_Players" VALUES (68175694,'BlanquitoFashon','L6wErMS6TJiH3XUzEUfy2g','','','Legion Extranjera','U9QwSO14SoOX-zCXa93Y-g',1,1,7626);
INSERT INTO "Battles_Players" VALUES (68175694,'Axellot','TB2Uf19FQRWv0JjZIlUVpQ','','','Legion Extranjera','U9QwSO14SoOX-zCXa93Y-g',0,1,7626);
INSERT INTO "Battles_Players" VALUES (68175694,'iWF','RQOskpKoQe6id5dPsDBPVA','','','Last Warn','xhXC2RlDRP6X9DsZhjXi_w',0,0,19321);
INSERT INTO "Battles_Players" VALUES (68175694,'GermanCL','QxBy0DYlQhO_m_89sYsWqg','','','Legion Extranjera','U9QwSO14SoOX-zCXa93Y-g',0,1,7626);
INSERT INTO "Battles_Players" VALUES (68175694,'Laurowns','-GgojQyJQeSTKsR2QhZmvg','','','Last Warn','xhXC2RlDRP6X9DsZhjXi_w',1,0,29935);
INSERT INTO "Battles_Players" VALUES (68175645,'whitenail','INieivk3RgSGa4DUEHx4rw','POE','aE8QATe2RUCJU0d23y_w2w','HustlinHitmans','2VCzFKvbTFKiKRUhQjjw1w',0,1,17102);
INSERT INTO "Battles_Players" VALUES (68175645,'Rice','hUVLucohSbO0T3NRj22M3g','POE','aE8QATe2RUCJU0d23y_w2w','Crimson Imperium Reborn','upkzMP-iSqSfYEPJou9mSA',0,1,14778);
INSERT INTO "Battles_Players" VALUES (68175645,'Rot','JyTKP2SvQVWMdfV--EpvJA','POE','aE8QATe2RUCJU0d23y_w2w','Crimson Imperium Reborn','upkzMP-iSqSfYEPJou9mSA',0,1,14778);
INSERT INTO "Battles_Players" VALUES (68175645,'LordEstarossa','vyVafELXTNiRhSXT8PrT8g','POE','aE8QATe2RUCJU0d23y_w2w','HustlinHitmans','2VCzFKvbTFKiKRUhQjjw1w',2,1,17102);
INSERT INTO "Battles_Players" VALUES (68175645,'Seanye','m2ACMoAqQiis-i6TxFeKUg','POE','aE8QATe2RUCJU0d23y_w2w','Crimson Imperium Newborn','tHbPKxKeTTOflI_OC1puUg',0,1,5980);
INSERT INTO "Battles_Players" VALUES (68175645,'NotYobi','g1Ql9IsITdevYfqTdofN5Q','POE','aE8QATe2RUCJU0d23y_w2w','Crimson Imperium Reborn','upkzMP-iSqSfYEPJou9mSA',5,0,14778);
INSERT INTO "Battles_Players" VALUES (68175645,'toqs1986','YcT4e7IjQlmNkx8LZeEohg','POE','aE8QATe2RUCJU0d23y_w2w','HustlinHitmans','2VCzFKvbTFKiKRUhQjjw1w',1,1,17102);
INSERT INTO "Battles_Players" VALUES (68175645,'Morrolan','VPyet2X8QM2OyqNXQOjI2Q','POE','aE8QATe2RUCJU0d23y_w2w','Crimson Imperium Reborn','upkzMP-iSqSfYEPJou9mSA',0,1,5980);
INSERT INTO "Battles_Players" VALUES (68175645,'llButcher','tfS-G5W7RWCQ7cWbueR5fA','','','Agresor','D13iPs9mTlKokUjiXY5mwg',1,1,17102);
INSERT INTO "Battles_Players" VALUES (68175645,'ECOpray','h35V6i9qS3mGKSWTiJGdwg','POE','aE8QATe2RUCJU0d23y_w2w','HustlinHitmans','2VCzFKvbTFKiKRUhQjjw1w',0,1,17102);
INSERT INTO "Battles_Players" VALUES (68175637,'Icedice','Z0-_L2ziT1axf5_JmRcA9Q','','','RANG','nZ53J79DRNCsfr7AewPAwg',1,0,8408);
INSERT INTO "Battles_Players" VALUES (68175637,'Macmuffln','dayX9dZ7SlqRGsiVPvunsA','','','Unparalleled','g63FSSIaTh2ojk3b_suNIg',0,0,8408);
INSERT INTO "Battles_Players" VALUES (68175637,'SpankMeDad','S2iKOuPaSa6aQctOkM-N0A','','','RANG','nZ53J79DRNCsfr7AewPAwg',0,0,8408);
INSERT INTO "Battles_Players" VALUES (68175637,'Zawierek','F62URJgcRAGwUpHaSsX6Qw','LIONS','JUFJMAiQT6K3AXxp90QThQ','Bursztynowy Kartel','z2jnusGLRIqF0oT_-tOTKg',0,1,0);
INSERT INTO "Battles_Players" VALUES (68175637,'MaciusG','cvRokc3gT52tp9jek792dw','LIONS','JUFJMAiQT6K3AXxp90QThQ','Bursztynowy Kartel','z2jnusGLRIqF0oT_-tOTKg',0,1,0);
INSERT INTO "Battles_Players" VALUES (68175637,'ottaotta','8Ce0lXy9SxSWUr0tg843_w','','','ChadTC','hckc9VvSTd6nV5LZ0XLWzQ',1,0,8408);
INSERT INTO "Battles_Players" VALUES (68175637,'Kajmanek','Z4NvHjIQSkyjQKlfJwN9-w','LIONS','JUFJMAiQT6K3AXxp90QThQ','Bursztynowy Kartel','z2jnusGLRIqF0oT_-tOTKg',0,1,0);
INSERT INTO "Battles_Players" VALUES (68175637,'ChibiIzuru','NJNABh3CQgyNl_eG2SnWBA','LIONS','JUFJMAiQT6K3AXxp90QThQ','Bursztynowy Kartel','z2jnusGLRIqF0oT_-tOTKg',0,1,0);
INSERT INTO "Battles_Players" VALUES (68175637,'Suud','YV744h_LS1uMOInPCevP_w','LIONS','JUFJMAiQT6K3AXxp90QThQ','Bursztynowy Kartel','z2jnusGLRIqF0oT_-tOTKg',0,1,0);
INSERT INTO "Battles_Players" VALUES (68175637,'Kyriii','F9UqxYnhSYGLoNJfspXGCQ','','','Bunch of Wild Monkeys','78n6ueoxSmuMkfE6-TlxPg',3,0,8408);
INSERT INTO "Battles_Players" VALUES (68175543,'UncleRAY2','0QX8mz1lSMGz6dNNHwbP2A','SEA','lLWO9hnUTjy_cAduk0Zelw','KHAOS','-4YxIHwIRIG__EcWZ1F3Ew',0,0,23380);
INSERT INTO "Battles_Players" VALUES (68175543,'xBxne','3-jSUciDTy25FQVfpbotAw','SEA','lLWO9hnUTjy_cAduk0Zelw','KHAOS','-4YxIHwIRIG__EcWZ1F3Ew',1,0,20711);
INSERT INTO "Battles_Players" VALUES (68175543,'valeugalera','JrivG485TWqk-1BWaxzQSg','','','TCero','KmJS7qL1T3uo-hrs_uTSdw',1,1,24800);
INSERT INTO "Battles_Players" VALUES (68175543,'xKenny','uuujEKQWRWmw2PV5rlPZog','','','THE GODZ','YcCyqa3sTvavP_sk2mka6g',0,1,0);
INSERT INTO "Battles_Players" VALUES (68175543,'Ayeiin','ckVuQZM-QKSY2U82jUijFg','SEA','lLWO9hnUTjy_cAduk0Zelw','KHAOS','-4YxIHwIRIG__EcWZ1F3Ew',0,1,23218);
INSERT INTO "Battles_Players" VALUES (68175543,'CappuccinoJedi','guntSQQSRmq7yzuSn1DtsQ','','','Agresor','D13iPs9mTlKokUjiXY5mwg',3,0,23380);
INSERT INTO "Battles_Players" VALUES (68175543,'Mattydread','nDTvYl2fQkq2SBjYCAumxA','SEA','lLWO9hnUTjy_cAduk0Zelw','KHAOS','-4YxIHwIRIG__EcWZ1F3Ew',0,1,15605);
INSERT INTO "Battles_Players" VALUES (68175543,'BSsadix','Qv3hcr2gSYCl6W3fJ-LjDw','','','Escola de Albion','6YU4CVNXRGC9PgS96UyM_w',0,1,0);
INSERT INTO "Battles_Players" VALUES (68175543,'Bigoatee','b9RdrP7BQnKGP_OnycpiMw','SEA','lLWO9hnUTjy_cAduk0Zelw','KHAOS','-4YxIHwIRIG__EcWZ1F3Ew',1,0,23380);
INSERT INTO "Battles_Players" VALUES (68175543,'DemonShield','BMUl8TFHTj2YHkSZJHimBg','SEA','lLWO9hnUTjy_cAduk0Zelw','KHAOS','-4YxIHwIRIG__EcWZ1F3Ew',0,0,23380);
INSERT INTO "Battles_Players" VALUES (68175543,'Vicarious','W0ZPZ-g8QXqFn-B15tzzaA','','','RANG','nZ53J79DRNCsfr7AewPAwg',1,0,170376);
INSERT INTO "Battles_Players" VALUES (68175543,'Urkgnath','XvlPSjjTSWeLnJDDoRC5ug','SEA','lLWO9hnUTjy_cAduk0Zelw','KHAOS','-4YxIHwIRIG__EcWZ1F3Ew',0,0,23218);
INSERT INTO "Battles_Players" VALUES (68175543,'Dmonicon','lnf9_KpAQzeOhfSTGwdC8w','SEA','lLWO9hnUTjy_cAduk0Zelw','KHAOS','-4YxIHwIRIG__EcWZ1F3Ew',1,0,20549);
INSERT INTO "Battles_Players" VALUES (68175543,'Voltyr','B-zGVlAHSMeijnDGLnI7uQ','SEA','lLWO9hnUTjy_cAduk0Zelw','KHAOS','-4YxIHwIRIG__EcWZ1F3Ew',0,1,23218);
INSERT INTO "Battles_Players" VALUES (68175543,'Romasi','PRXcUSaUS6qE5apjmU4ogw','','','Target','F4K9lC8mTSi5MchYkziYrA',0,1,0);
INSERT INTO "Battles_Players" VALUES (68175543,'Cebuano','_tMJsqBTT9ih4TVj3iHXyQ','SEA','lLWO9hnUTjy_cAduk0Zelw','KHAOS','-4YxIHwIRIG__EcWZ1F3Ew',0,0,23380);
INSERT INTO "Battles_Players" VALUES (68175543,'Dkitz','R9kbh386T0y92c_bfjbBtw','POE','aE8QATe2RUCJU0d23y_w2w','HustlinHitmans','2VCzFKvbTFKiKRUhQjjw1w',0,1,2676);
INSERT INTO "Battles_Players" VALUES (68175543,'Alvesta','Aj_tgvTqTgqsvsG8zUGmkA','SEA','lLWO9hnUTjy_cAduk0Zelw','KHAOS','-4YxIHwIRIG__EcWZ1F3Ew',1,0,23380);
INSERT INTO "Battles_Players" VALUES (68175543,'magic69','N2ErEMX8TC2noQHzbiZm2A','SEA','lLWO9hnUTjy_cAduk0Zelw','KHAOS','-4YxIHwIRIG__EcWZ1F3Ew',1,0,23218);
INSERT INTO "Battles_Players" VALUES (68175543,'CrushofLolitas98','ytVw3nRCRYSIGFYHw8gg7Q','POE','aE8QATe2RUCJU0d23y_w2w','HustlinHitmans','2VCzFKvbTFKiKRUhQjjw1w',3,0,174541);
INSERT INTO "Battles_Players" VALUES (68175543,'McChatienJade','nOgRTC4_QCyFVn15Bbdv5w','SEA','lLWO9hnUTjy_cAduk0Zelw','KHAOS','-4YxIHwIRIG__EcWZ1F3Ew',0,0,23218);
INSERT INTO "Battles_Players" VALUES (68175543,'Ashlyne','MtSzjRR2QR6OP0kOh6RMxw','BEE','T5Qh7oogTTWKzr9HhUxX_w','Our Guild','pEKHHELCQb2pGRqukfJ2cg',0,1,0);
INSERT INTO "Battles_Players" VALUES (68175543,'Krooocker','PH_1vIKMTzapXYp3YmpjDw','POE','aE8QATe2RUCJU0d23y_w2w','HustlinHitmans','2VCzFKvbTFKiKRUhQjjw1w',1,1,174541);
INSERT INTO "Battles_Players" VALUES (68175543,'MoiS','Dp_1UBKKR_C2cS4Rf9H0-w','','','TCero','KmJS7qL1T3uo-hrs_uTSdw',0,1,61325);
INSERT INTO "Battles_Players" VALUES (68175543,'Nadri','kKggcbSbRRebDkwcmONVZQ','','','GTs Home','4ppCMeFUTB2FmlKKxK1Mnw',1,0,3735);
INSERT INTO "Battles_Players" VALUES (68175543,'PLebe','qnxPh8yQT0qzOLvtrkHZbw','SEA','lLWO9hnUTjy_cAduk0Zelw','KHAOS','-4YxIHwIRIG__EcWZ1F3Ew',0,1,7775);
INSERT INTO "Battles_Players" VALUES (68175543,'RoxanneR','gcwANu6RRiSmeSdpioFU_A','','','Agresor','D13iPs9mTlKokUjiXY5mwg',0,0,23380);
INSERT INTO "Battles_Players" VALUES (68175543,'atzk','M8otoseeSnCucLO61UQ-tA','','','La Orden de los Istaris','41N2gUa7RWibw68aGoDIbQ',0,2,0);
INSERT INTO "Battles_Players" VALUES (68175543,'Mati888','2UTQMhjOS3qlY9vrEvjCsA','','','TCero','KmJS7qL1T3uo-hrs_uTSdw',0,1,24800);
INSERT INTO "Battles_Players" VALUES (68175543,'zDarkCrazy','A7p7ROSARBa95w9UiUbvUQ','','','','',0,1,0);
INSERT INTO "Battles_Players" VALUES (68175543,'ValkyrieR','zLTta1HaQ9OM0ch_IwjZVw','','','Target','F4K9lC8mTSi5MchYkziYrA',0,0,3735);
INSERT INTO "Battles_Players" VALUES (68175543,'MassaBrutto','fCe9YS1nTLqtVV_LBrQ2qA','','','','',1,0,14222);
INSERT INTO "Battles_Players" VALUES (68175543,'Kardel','2-XR74l8QSCYEYQZEOnY-Q','SEA','lLWO9hnUTjy_cAduk0Zelw','KHAOS','-4YxIHwIRIG__EcWZ1F3Ew',0,0,23380);
INSERT INTO "Battles_Players" VALUES (68175543,'LXIXPhish','PJAUJR4aQqW4acEDTdFZLQ','SEA','lLWO9hnUTjy_cAduk0Zelw','KHAOS','-4YxIHwIRIG__EcWZ1F3Ew',0,1,23218);
INSERT INTO "Battles_Players" VALUES (68175543,'MainCocina','eM1l-kxqSliGcV3MZ5TIOA','','','TCero','KmJS7qL1T3uo-hrs_uTSdw',3,1,61325);
INSERT INTO "Battles_Players" VALUES (68175543,'PaYaTaBss','tCiexNwbSfKqO0iDHMwyRQ','SEA','lLWO9hnUTjy_cAduk0Zelw','KHAOS','-4YxIHwIRIG__EcWZ1F3Ew',0,0,23380);
INSERT INTO "Battles_Players" VALUES (68175543,'Cyfrel','t5DsUfUvQlWMmKhWT4Fg_g','FUR','EM6ZKSFLSNW2mnA_BKwILQ','CRUZADOS','gMQS6v6cTSOgwwP9YNhb2g',0,1,0);
INSERT INTO "Battles_Players" VALUES (68175488,'Archrita','WLTmo3r1SuOzKeNmbG3uUA','YOU','LBTSihgiTZ-4ip-mX8E24Q','Orden Del Caos','G-6_TXhxTFWeTBa7tQF2ag',0,1,0);
INSERT INTO "Battles_Players" VALUES (68175488,'DoragonX','5t_Ztu-9RgW9Tw2f8C_8sQ','YOU','LBTSihgiTZ-4ip-mX8E24Q','Orden Del Caos','G-6_TXhxTFWeTBa7tQF2ag',0,1,0);
INSERT INTO "Battles_Players" VALUES (68175488,'Lineki','D46ms831RryedEpGYhsq9g','YOU','LBTSihgiTZ-4ip-mX8E24Q','Orden Del Caos','G-6_TXhxTFWeTBa7tQF2ag',0,1,0);
INSERT INTO "Battles_Players" VALUES (68175488,'NecroDriver809','QEwyF-HyTxaNzl157PH3pQ','YOU','LBTSihgiTZ-4ip-mX8E24Q','Orden Del Caos','G-6_TXhxTFWeTBa7tQF2ag',0,1,0);
INSERT INTO "Battles_Players" VALUES (68175488,'eatsnacks','86BMj4YbTsuwVZdVW_L8Og','SEND','oU5RS9WOTdaw8JgfbBK7wA','Final Order','LKYQ8b0mTvaPk0LxVny5UQ',0,0,140263);
INSERT INTO "Battles_Players" VALUES (68175488,'LoccyBjork','VkcpNiycTgqQU6rBsMpSzg','YOU','LBTSihgiTZ-4ip-mX8E24Q','Orden Del Caos','G-6_TXhxTFWeTBa7tQF2ag',0,1,0);
INSERT INTO "Battles_Players" VALUES (68175488,'ThePharmacy','srN8PiDYT-61fVq7vEUXuA','SEND','oU5RS9WOTdaw8JgfbBK7wA','Final Order','LKYQ8b0mTvaPk0LxVny5UQ',3,0,140263);
INSERT INTO "Battles_Players" VALUES (68175488,'Drafas','uUHCxUHOQGOjjdlXFH7eXw','','','Overlooked','4BjJDixkQt6Fki4w2OKwLw',1,0,140263);
INSERT INTO "Battles_Players" VALUES (68175488,'Beast1k','0bgWWID2QX6ZDqRo12-1LQ','SEND','oU5RS9WOTdaw8JgfbBK7wA','Final Order','LKYQ8b0mTvaPk0LxVny5UQ',2,0,140263);
INSERT INTO "Battles_Players" VALUES (68175488,'NoxAstra','NG2hAe-XQzOG4qdjk86mQQ','YOU','LBTSihgiTZ-4ip-mX8E24Q','Orden Del Caos','G-6_TXhxTFWeTBa7tQF2ag',0,1,0);
INSERT INTO "Battles_Players" VALUES (68175392,'ZxelBlaze','Q4vw_2nqReKuPZIJyESbBg','1941','cP1ObDONQTOEx5W7KqZQKw','Take Care','x8pr49RnSimilkapwLA3SQ',0,0,14673);
INSERT INTO "Battles_Players" VALUES (68175392,'Otarkrosis','Z4mTD3saS9OW51Z1vcZJew','1941','cP1ObDONQTOEx5W7KqZQKw','TakeCare','2FoZ7LTiQWOCm2BpdmTvBQ',1,0,14673);
INSERT INTO "Battles_Players" VALUES (68175392,'Lightzero','xjwAbpAbTuCzdb4IWs4UBw','TRETA','hT_9XU1wTe6qWeTDJyIpDg','MIAU','CMV_jEx8SuiUAr3BeEK33w',0,0,138384);
INSERT INTO "Battles_Players" VALUES (68175392,'nnninjak','Jx4ZuPmgTiKkqR824Wan5Q','TRETA','hT_9XU1wTe6qWeTDJyIpDg','MIAU','CMV_jEx8SuiUAr3BeEK33w',1,0,138384);
INSERT INTO "Battles_Players" VALUES (68175392,'maffiaBr','cxxVljeVRa20znCxS5FzKQ','TRETA','hT_9XU1wTe6qWeTDJyIpDg','MIAU','CMV_jEx8SuiUAr3BeEK33w',2,0,138384);
INSERT INTO "Battles_Players" VALUES (68175392,'Roelle','Wk7Bhtz5QZWAgSSuMzuK9g','1941','cP1ObDONQTOEx5W7KqZQKw','Take Care','x8pr49RnSimilkapwLA3SQ',0,0,14673);
INSERT INTO "Battles_Players" VALUES (68175392,'Kentama','q4jLbBDhRF2qsHVELSHmbw','1941','cP1ObDONQTOEx5W7KqZQKw','TakeCare','2FoZ7LTiQWOCm2BpdmTvBQ',0,0,14673);
INSERT INTO "Battles_Players" VALUES (68175392,'PrimalTactics','tXWNQozqTLGacdK53NRbnA','1941','cP1ObDONQTOEx5W7KqZQKw','Take Care','x8pr49RnSimilkapwLA3SQ',0,1,14673);
INSERT INTO "Battles_Players" VALUES (68175392,'Kymac19','LkiKG8HnSm67ih0f08ddjA','1941','cP1ObDONQTOEx5W7KqZQKw','Take Care','x8pr49RnSimilkapwLA3SQ',0,1,0);
INSERT INTO "Battles_Players" VALUES (68175392,'Bakaman','CLiHFBbfTSKqv6YpFBHPpA','TRETA','hT_9XU1wTe6qWeTDJyIpDg','MIAU','CMV_jEx8SuiUAr3BeEK33w',2,0,138384);
INSERT INTO "Battles_Players" VALUES (68175392,'Corpsman','YzSX-xD3RpertHmcQWl55Q','1941','cP1ObDONQTOEx5W7KqZQKw','TakeCare','2FoZ7LTiQWOCm2BpdmTvBQ',0,1,14673);
INSERT INTO "Battles_Players" VALUES (68175392,'ArticAngel','c2MqUf6ORGywqjQ7KiJh-Q','1941','cP1ObDONQTOEx5W7KqZQKw','Take Care','x8pr49RnSimilkapwLA3SQ',0,1,14673);
INSERT INTO "Battles_Players" VALUES (68175392,'BombRoll','IOcqweXnTg25oU5U2211YQ','TRETA','hT_9XU1wTe6qWeTDJyIpDg','MIAU','CMV_jEx8SuiUAr3BeEK33w',0,1,33514);
INSERT INTO "Battles_Players" VALUES (68175392,'Orestis','vNDqZ4wTRD6Vz-SvyYzdPw','TRETA','hT_9XU1wTe6qWeTDJyIpDg','MIAU','CMV_jEx8SuiUAr3BeEK33w',0,0,138384);
INSERT INTO "Battles_Players" VALUES (68175392,'ZarekSR','8_XC4MroR-yjRxuOg6aiJw','1941','cP1ObDONQTOEx5W7KqZQKw','Take Care','x8pr49RnSimilkapwLA3SQ',0,1,14673);
INSERT INTO "Battles_Players" VALUES (68175251,'flowercat','Sztx3_L6RnCMZw-FWopytg','SEA','lLWO9hnUTjy_cAduk0Zelw','Formosa Rangers','khGGFWZBRHuEoGzIOaTQ6g',0,1,7866);
INSERT INTO "Battles_Players" VALUES (68175251,'vocayear','6R_U3KpNQNyV5pFAw5GhtQ','SEA','lLWO9hnUTjy_cAduk0Zelw','Formosa Rangers','khGGFWZBRHuEoGzIOaTQ6g',2,0,7866);
INSERT INTO "Battles_Players" VALUES (68175251,'nemblTblu','HuVJkWxgSSWRWsJEXABEHQ','LIONS','JUFJMAiQT6K3AXxp90QThQ','FATUM','W5Tl-yVjT6OZSj3r4kMhFA',1,1,29967);
INSERT INTO "Battles_Players" VALUES (68175251,'L110ETC','q2sPraYfQG6K9ilyVRT_gw','LIONS','JUFJMAiQT6K3AXxp90QThQ','FATUM','W5Tl-yVjT6OZSj3r4kMhFA',0,1,0);
INSERT INTO "Battles_Players" VALUES (68175214,'Exeeeeed','RX0ZY5-aTm2DT51q5qyVEA','','','REPUBLIKA NG PILIPINAS','F0MFIeHPQRqFaz-C-M5Tyw',1,0,8408);
INSERT INTO "Battles_Players" VALUES (68175214,'Loureen','GHPOWcJaRQWEVNKrkYxXAg','','','REPUBLIKA NG PILIPINAS','F0MFIeHPQRqFaz-C-M5Tyw',1,0,8408);
INSERT INTO "Battles_Players" VALUES (68175214,'rivvvv','Pq92S3oIRxC6oBkV-ULUyQ','ARCH','hRqowi9bTw6o44R0bsmIUw','Awful Company','61yii28pRoWZXbNnkk4rUw',1,0,8408);
INSERT INTO "Battles_Players" VALUES (68175214,'Zawierek','F62URJgcRAGwUpHaSsX6Qw','LIONS','JUFJMAiQT6K3AXxp90QThQ','Bursztynowy Kartel','z2jnusGLRIqF0oT_-tOTKg',0,1,0);
INSERT INTO "Battles_Players" VALUES (68175214,'Chocolanay','S_pFrRrIRUWH6W0DJ63EGA','','','REPUBLIKA NG PILIPINAS','F0MFIeHPQRqFaz-C-M5Tyw',0,0,8408);
INSERT INTO "Battles_Players" VALUES (68175214,'MicroPP','-Kye5v6KSVedopyfcHNLGg','','','REPUBLIKA NG PILIPINAS','F0MFIeHPQRqFaz-C-M5Tyw',2,0,8408);
INSERT INTO "Battles_Players" VALUES (68175214,'MaciusG','cvRokc3gT52tp9jek792dw','LIONS','JUFJMAiQT6K3AXxp90QThQ','Bursztynowy Kartel','z2jnusGLRIqF0oT_-tOTKg',0,1,0);
INSERT INTO "Battles_Players" VALUES (68175214,'Kajmanek','Z4NvHjIQSkyjQKlfJwN9-w','LIONS','JUFJMAiQT6K3AXxp90QThQ','Bursztynowy Kartel','z2jnusGLRIqF0oT_-tOTKg',0,1,0);
INSERT INTO "Battles_Players" VALUES (68175214,'ChibiIzuru','NJNABh3CQgyNl_eG2SnWBA','LIONS','JUFJMAiQT6K3AXxp90QThQ','Bursztynowy Kartel','z2jnusGLRIqF0oT_-tOTKg',0,1,0);
INSERT INTO "Battles_Players" VALUES (68175214,'Suud','YV744h_LS1uMOInPCevP_w','LIONS','JUFJMAiQT6K3AXxp90QThQ','Bursztynowy Kartel','z2jnusGLRIqF0oT_-tOTKg',0,1,0);
INSERT INTO "Battles_Players" VALUES (68174982,'Ruzt','ie3tDCINRzW4-DLMlaCEOw','','','TurnCoat','v9O6JTpQTcO0r3eFXC1ndg',2,0,60343);
INSERT INTO "Battles_Players" VALUES (68174982,'Milesss','F1a142LVTJuYE1K88TJSgw','','','TurnCoat','v9O6JTpQTcO0r3eFXC1ndg',0,1,60343);
INSERT INTO "Battles_Players" VALUES (68174982,'Calaharik','d0aUtIqkQ0mnbrDhjsNLpQ','','','The Mighty Beans','d5g7n3EpRHGl-Iazj4_JwA',0,1,74541);
INSERT INTO "Battles_Players" VALUES (68174982,'Citreen','t8Nz06k0Q1yRoXUw6yv1tQ','','','The Mighty Beans','d5g7n3EpRHGl-Iazj4_JwA',1,1,74541);
INSERT INTO "Battles_Players" VALUES (68174934,'Crisisss','YSRzPMq3RXuuUbdY7FgB0w','SEND','oU5RS9WOTdaw8JgfbBK7wA','Final Order','LKYQ8b0mTvaPk0LxVny5UQ',2,1,354695);
INSERT INTO "Battles_Players" VALUES (68174934,'Nostahlgia','iwaZ8BhrTyCOf-IR2d_UVQ','','','Unparalleled','g63FSSIaTh2ojk3b_suNIg',0,1,168372);
INSERT INTO "Battles_Players" VALUES (68174934,'Rabanne','TwPzbNAqRsKPlQv6ikmZjA','SEND','oU5RS9WOTdaw8JgfbBK7wA','Final Order','LKYQ8b0mTvaPk0LxVny5UQ',0,1,60380);
INSERT INTO "Battles_Players" VALUES (68174934,'Parallel','twu11xzhQEKFvyDn7s8GJA','','','Unparalleled','g63FSSIaTh2ojk3b_suNIg',1,0,167464);
INSERT INTO "Battles_Players" VALUES (68174934,'Belini','d-K3xR7uR1uwRsFxvm9gdg','ASF','stJFoqfGS0KHTCi1tbSAnw','Acracia','9iof_NOzS1KsRO-jo3fr_w',0,1,0);
INSERT INTO "Battles_Players" VALUES (68174934,'Kigu','glrO_2NVQIexqJOgr7cE5A','','','Unparalleled','g63FSSIaTh2ojk3b_suNIg',0,1,3240);
INSERT INTO "Battles_Players" VALUES (68174934,'Drewie','LvQKwZv7SGmrY7PwKOPhhA','','','Unparalleled','g63FSSIaTh2ojk3b_suNIg',2,0,329356);
INSERT INTO "Battles_Players" VALUES (68174934,'Saeji','87OWbmEmSGWGQemkSvbM8w','','','Unparalleled','g63FSSIaTh2ojk3b_suNIg',0,0,329356);
INSERT INTO "Battles_Players" VALUES (68174900,'Speedz','UiGZeFbjQtqUV8O5HF3y_g','S8','mBWLvxChQ3-rIy_SKFSaoA','Black Flag','YPrm7tyyTNqpTc_fYj6oBA',0,0,41820);
INSERT INTO "Battles_Players" VALUES (68174900,'KamiHr','KGpQnfebSOSkqTklpDnVCg','S8','mBWLvxChQ3-rIy_SKFSaoA','Black Flag','YPrm7tyyTNqpTc_fYj6oBA',1,0,41820);
INSERT INTO "Battles_Players" VALUES (68174900,'nemblTblu','HuVJkWxgSSWRWsJEXABEHQ','LIONS','JUFJMAiQT6K3AXxp90QThQ','FATUM','W5Tl-yVjT6OZSj3r4kMhFA',0,1,0);
INSERT INTO "Battles_Players" VALUES (68174900,'CaporaL232','W6T0biPsT-2TfSDQ5Yw0Pg','','','Sancta Inquisitio','odCRM1UIT_GL_rqpDjHBnw',1,1,4635);
INSERT INTO "Battles_Players" VALUES (68174900,'L110ETC','q2sPraYfQG6K9ilyVRT_gw','LIONS','JUFJMAiQT6K3AXxp90QThQ','FATUM','W5Tl-yVjT6OZSj3r4kMhFA',0,1,0);
INSERT INTO "Battles_Players" VALUES (68174900,'EPITA','-artIhmxRBOo2omV76ittg','','','Sancta Inquisitio','odCRM1UIT_GL_rqpDjHBnw',1,0,11295);
INSERT INTO "Battles_Players" VALUES (68178987,'Leshkamber','XBQ2C62dQr-j8xuqUn1mUA','','','','',0,1,0);
INSERT INTO "Battles_Players" VALUES (68178987,'MissPoopy','B5slU7vyTTO203Hg3RRtag','YOU','LBTSihgiTZ-4ip-mX8E24Q','Orden Del Caos','G-6_TXhxTFWeTBa7tQF2ag',1,0,25086);
INSERT INTO "Battles_Players" VALUES (68178987,'Kukus1k','sMc2pG_9Rwy_PxIgERxGyw','','','Novus Imperium','Huq0L2RnQFquuH3-LMP0TA',0,1,0);
INSERT INTO "Battles_Players" VALUES (68178987,'Erina123','xZvLRzQVS1GB0UpmAYieng','YOU','LBTSihgiTZ-4ip-mX8E24Q','Orden Del Caos','G-6_TXhxTFWeTBa7tQF2ag',1,0,13293);
INSERT INTO "Battles_Players" VALUES (68178987,'JTDark','0kTyYGetSJ6kidUS3BnIyA','YOU','LBTSihgiTZ-4ip-mX8E24Q','Orden Del Caos','G-6_TXhxTFWeTBa7tQF2ag',1,0,25086);
INSERT INTO "Battles_Players" VALUES (68178987,'Jebroni','HlJsCmtzS66ACyzMtp184Q','','','Lymbridge','f1P0HKJaSTaFAF5vg0ZAsA',0,1,0);
INSERT INTO "Battles_Players" VALUES (68178987,'Yuuki09','VzBtHO-bQHqee8Qpyaucog','YOU','LBTSihgiTZ-4ip-mX8E24Q','Orden Del Caos','G-6_TXhxTFWeTBa7tQF2ag',0,0,25086);
INSERT INTO "Battles_Players" VALUES (68178987,'CSagi','lGubR5Q_SvuMiSCG748_KA','YOU','LBTSihgiTZ-4ip-mX8E24Q','Orden Del Caos','G-6_TXhxTFWeTBa7tQF2ag',0,0,24236);
INSERT INTO "Battles_Players" VALUES (68178962,'whitenail','INieivk3RgSGa4DUEHx4rw','POE','aE8QATe2RUCJU0d23y_w2w','HustlinHitmans','2VCzFKvbTFKiKRUhQjjw1w',1,0,8345);
INSERT INTO "Battles_Players" VALUES (68178962,'Worost','_XDHlc8VSja5_FUU96cBDw','AGRO','K0LYGzcfSReQp4pt6c0sCQ','T I M E L E S S','c9vtqe3QRBmvsYRhSbnw4A',1,1,1710);
INSERT INTO "Battles_Players" VALUES (68178962,'ClassicDoffy','iGKHObmaQSySkwoORVr97Q','AGRO','K0LYGzcfSReQp4pt6c0sCQ','T I M E L E S S','c9vtqe3QRBmvsYRhSbnw4A',0,1,1710);
INSERT INTO "Battles_Players" VALUES (68178962,'Kashac','z3npmTBmSY-V1zqSxBFECg','AGRO','K0LYGzcfSReQp4pt6c0sCQ','T I M E L E S S','c9vtqe3QRBmvsYRhSbnw4A',0,1,1710);
INSERT INTO "Battles_Players" VALUES (68178962,'LordEstarossa','vyVafELXTNiRhSXT8PrT8g','POE','aE8QATe2RUCJU0d23y_w2w','HustlinHitmans','2VCzFKvbTFKiKRUhQjjw1w',1,0,13950);
INSERT INTO "Battles_Players" VALUES (68178962,'toqs1986','YcT4e7IjQlmNkx8LZeEohg','POE','aE8QATe2RUCJU0d23y_w2w','HustlinHitmans','2VCzFKvbTFKiKRUhQjjw1w',0,0,13950);
INSERT INTO "Battles_Players" VALUES (68178962,'theblackavenger','XgBofi61RLmCNsvunkOUBA','AGRO','K0LYGzcfSReQp4pt6c0sCQ','Savage','UmOHTkemT4SzQ2MMAMDVqg',0,1,1710);
INSERT INTO "Battles_Players" VALUES (68178962,'lvl100Boss','CXJmFBkkTMyV_6OQPrboqQ','AGRO','K0LYGzcfSReQp4pt6c0sCQ','T I M E L E S S','c9vtqe3QRBmvsYRhSbnw4A',0,1,1710);
INSERT INTO "Battles_Players" VALUES (68178962,'ECOpray','h35V6i9qS3mGKSWTiJGdwg','POE','aE8QATe2RUCJU0d23y_w2w','HustlinHitmans','2VCzFKvbTFKiKRUhQjjw1w',3,0,13950);
INSERT INTO "Battles_Players" VALUES (68178962,'llButcher','tfS-G5W7RWCQ7cWbueR5fA','','','Agresor','D13iPs9mTlKokUjiXY5mwg',0,1,4468);
INSERT INTO "Battles_Players" VALUES (68178867,'ImTheRealDeal','BQ2q3L3fSCujtOb-5lbXRA','','','MementoMorii','uZT9hBDbQqi3nsfHkfW7vQ',0,1,4279);
INSERT INTO "Battles_Players" VALUES (68178867,'Dienwald','9wfQUFVWRMW_7qK9tyJdjg','','','MementoMorii','uZT9hBDbQqi3nsfHkfW7vQ',0,1,4279);
INSERT INTO "Battles_Players" VALUES (68178867,'Nostahlgia','iwaZ8BhrTyCOf-IR2d_UVQ','','','Unparalleled','g63FSSIaTh2ojk3b_suNIg',2,0,232642);
INSERT INTO "Battles_Players" VALUES (68178867,'SAKAM0T0','zbbOqVYaSIyEg9kRMYESBA','','','MementoMorii','uZT9hBDbQqi3nsfHkfW7vQ',0,1,4279);
INSERT INTO "Battles_Players" VALUES (68178867,'Desesperance','grm3XbN8Sw2bMCEqtDsQdg','','','Unparalleled','g63FSSIaTh2ojk3b_suNIg',3,0,102560);
INSERT INTO "Battles_Players" VALUES (68178867,'Lavery','BP9S53bTQI6mWn6jZkZEzQ','','','MementoMorii','uZT9hBDbQqi3nsfHkfW7vQ',0,1,4279);
INSERT INTO "Battles_Players" VALUES (68178867,'Adenine','ZNHFrtwuRfSiSWMOzV4Leg','SEND','oU5RS9WOTdaw8JgfbBK7wA','Final Order','LKYQ8b0mTvaPk0LxVny5UQ',0,1,1553);
INSERT INTO "Battles_Players" VALUES (68178867,'ChaosPegasus','L0VfmmqRT5aZ89JpmfnjAw','','','Unparalleled','g63FSSIaTh2ojk3b_suNIg',0,0,102560);
INSERT INTO "Battles_Players" VALUES (68178867,'Drewie','LvQKwZv7SGmrY7PwKOPhhA','','','Unparalleled','g63FSSIaTh2ojk3b_suNIg',1,0,102560);
INSERT INTO "Battles_Players" VALUES (68178867,'Saeji','87OWbmEmSGWGQemkSvbM8w','','','Unparalleled','g63FSSIaTh2ojk3b_suNIg',1,0,102560);
INSERT INTO "Battles_Players" VALUES (68178867,'NedSlanders','E-G8rKZoRcWoGpG5DWWmNg','','','MementoMorii','uZT9hBDbQqi3nsfHkfW7vQ',1,1,4279);
INSERT INTO "Battles_Players" VALUES (68178867,'Kaslow','y9Dgae83T1CLUe2a-FcXYQ','BEE','T5Qh7oogTTWKzr9HhUxX_w','Firma','wSKKGJO-TuW_sAJqCiyFzg',0,1,0);
INSERT INTO "Battles_Players" VALUES (68178867,'XBunTeeWo','ITdgrL3vReOSdy1LRg7jUA','MIGHT','HaDJDxUDSRmp3XSDhgR0Iw','Baradise','rmdNQa5QShCkrnk00befvw',0,1,0);
INSERT INTO "Battles_Players" VALUES (68178867,'PANDAXL','wjvpYBBETzSq0rqfGivZyw','','','MementoMorii','uZT9hBDbQqi3nsfHkfW7vQ',0,1,4279);
INSERT INTO "Battles_Players" VALUES (68178867,'Parallel','twu11xzhQEKFvyDn7s8GJA','','','Unparalleled','g63FSSIaTh2ojk3b_suNIg',0,0,102560);
INSERT INTO "Battles_Players" VALUES (68178867,'Kigu','glrO_2NVQIexqJOgr7cE5A','','','Unparalleled','g63FSSIaTh2ojk3b_suNIg',1,0,232642);
INSERT INTO "Battles_Players" VALUES (68178869,'alexys666','RG1D4yuOTwW-vxNkME24RA','PAX','ku0L4BJqRCe3OQhBsio2xA','Los Caballeros de Cristo','7FAyAlI-QmafTRaoeljgIA',2,0,63609);
INSERT INTO "Battles_Players" VALUES (68178869,'Nikhile','2mImRp4XSji2PzxjD721_g','MOBS','bNXe7t6rSXuPO0GbvpkMnA','Bangkok','2Il1yWlyTdS21Qc8VFz6Nw',0,1,0);
INSERT INTO "Battles_Players" VALUES (68178869,'Ysmith2','iua7QjReQOuLaa8MuYObZg','','','','',1,0,20086);
INSERT INTO "Battles_Players" VALUES (68178869,'sanifan','KrvMICa4RLmygZnXDixVNw','LIONS','JUFJMAiQT6K3AXxp90QThQ','The Solar','BkXMG_z4QcCi4nEGJ3nDbw',2,1,6239);
INSERT INTO "Battles_Players" VALUES (68178869,'KaPaoTH','VmDvC4oUTb6RMjI-4QrQ7Q','MOBS','bNXe7t6rSXuPO0GbvpkMnA','Bangkok','2Il1yWlyTdS21Qc8VFz6Nw',0,1,0);
INSERT INTO "Battles_Players" VALUES (68178869,'MarcusIII','HxDYdcudSTW2grZEQdMUvQ','','','Dogs Eyes','jm9a2wtIQoaRbbc3E8aKcw',0,0,63609);
INSERT INTO "Battles_Players" VALUES (68178869,'Solers12','TppYLvj7Ss6TD-M-AQoFlQ','PAX','ku0L4BJqRCe3OQhBsio2xA','Los Caballeros de Cristo','7FAyAlI-QmafTRaoeljgIA',0,1,63609);
INSERT INTO "Battles_Players" VALUES (68178869,'AdmiralBarsik','aPRUO2c7SAy7DRTeMZlKZA','LIONS','JUFJMAiQT6K3AXxp90QThQ','The Solar','BkXMG_z4QcCi4nEGJ3nDbw',0,1,6239);
INSERT INTO "Battles_Players" VALUES (68179233,'InTheDarknesss','bN9uvtPySz2bUPixAMKCfw','ARCH','hRqowi9bTw6o44R0bsmIUw','Albion Choppers','56LvSeo5SYi8EauOGQVTBA',1,0,212122);
INSERT INTO "Battles_Players" VALUES (68179233,'1KKK','5r088Lq5QxClQLrq1NvSDg','ARCH','hRqowi9bTw6o44R0bsmIUw','Black Forge Orcs','oXAMQGdUQxKjK0j3gVSCGw',1,0,212122);
INSERT INTO "Battles_Players" VALUES (68179233,'gnev4ik','M-ocyAIhQSaMgblkuYyMiw','ARCH','hRqowi9bTw6o44R0bsmIUw','Albion Choppers','56LvSeo5SYi8EauOGQVTBA',0,0,212122);
INSERT INTO "Battles_Players" VALUES (68179233,'Dantecet','kuT4aKTXTresCANH6QRTQA','','','RAQ','DOqj5AMlQPO_BR-rK7ERtw',1,0,212122);
INSERT INTO "Battles_Players" VALUES (68179233,'T1Say','AfCDzkCgTceJH6ZjYZHmsw','','','','',0,1,0);
INSERT INTO "Battles_Players" VALUES (68179233,'Senmo','mOEpRjOdRBGmI8U2BC2L1A','ARCH','hRqowi9bTw6o44R0bsmIUw','Albion Choppers','56LvSeo5SYi8EauOGQVTBA',0,0,212122);
INSERT INTO "Battles_Players" VALUES (68179233,'1exer','OcNuSZmLR-6ak-EE04vdtQ','POE','aE8QATe2RUCJU0d23y_w2w','Prets','H-_Eq8U1QZyQli3ulVdtqw',0,1,0);
INSERT INTO "Battles_Players" VALUES (68179233,'Gekoz','ZyqXwZIsSG2KW4QJ9BCNOA','POE','aE8QATe2RUCJU0d23y_w2w','Prets','H-_Eq8U1QZyQli3ulVdtqw',0,1,0);
INSERT INTO "Battles_Players" VALUES (68179145,'Dumia','M4dGSsdtRwyOgSDMeuXCCQ','BACON','YTDHbAP-SA2l7cjRviSGJg','The Bacons','Ee81olaTRcK-hVxsYo9mNA',0,1,0);
INSERT INTO "Battles_Players" VALUES (68179145,'J4ckTh3R1pper','sg1Try2tTWiXKxcYOZ1pOg','BACON','YTDHbAP-SA2l7cjRviSGJg','SPIDER GANG','uxK4a50TTKybJW6aH2qm7g',0,1,0);
INSERT INTO "Battles_Players" VALUES (68179145,'MushiKim','BNfgIBM1QBmR0V6k340PLw','','','Heroes Del Silencio','mXUs-S--RFeOtD_OYeMrYw',1,0,52474);
INSERT INTO "Battles_Players" VALUES (68179145,'RicFreecss','hZexgzIiQ6KHv9CDK5gVWg','','','Heroes Del Silencio','mXUs-S--RFeOtD_OYeMrYw',1,0,20964);
INSERT INTO "Battles_Players" VALUES (68179145,'CholoPower','WGJfJOaCTuqxEs7Pfuf4nw','','','ADRENOCROM','IUiYWFyES06wnXljZc51UQ',0,1,0);
INSERT INTO "Battles_Players" VALUES (68179145,'Sourceres','RNsWyKpfRi-QyExMjGhkpA','','','Heroes Del Silencio','mXUs-S--RFeOtD_OYeMrYw',3,0,52474);
INSERT INTO "Battles_Players" VALUES (68179145,'Luprix','AofIiAKIQc2qYKB8nc1oxw','BACON','YTDHbAP-SA2l7cjRviSGJg','The Bacons','Ee81olaTRcK-hVxsYo9mNA',0,1,0);
INSERT INTO "Battles_Players" VALUES (68179145,'Kepex','AA-VbA8IR-yunR0Dx8kLpA','','','ADRENOCROM','IUiYWFyES06wnXljZc51UQ',0,1,0);
INSERT INTO "Battles_Alliances" VALUES (68178794,'WJCNM','AGvkJVclQuqsSTl0CyxAvg',0,0,1818);
INSERT INTO "Battles_Alliances" VALUES (68178794,'MOBS','bNXe7t6rSXuPO0GbvpkMnA',1,0,6795);
INSERT INTO "Battles_Alliances" VALUES (68178794,'SURF','2dPEm_9DTAOFV1JTENHZ8g',1,0,6795);
INSERT INTO "Battles_Alliances" VALUES (68178794,'AGS','8hGHx2NPQ52eQ5hiMs7YPw',0,3,0);
INSERT INTO "Battles_Alliances" VALUES (68178794,'TMNT','bgbI1c5yR4KCDNSGXg9ogA',1,0,9972);
INSERT INTO "Battles_Alliances" VALUES (68178657,'1941','cP1ObDONQTOEx5W7KqZQKw',0,5,0);
INSERT INTO "Battles_Alliances" VALUES (68178657,'POE','aE8QATe2RUCJU0d23y_w2w',5,0,66720);
INSERT INTO "Battles_Alliances" VALUES (68178464,'SEA','lLWO9hnUTjy_cAduk0Zelw',0,1,0);
INSERT INTO "Battles_Alliances" VALUES (68178464,'MOBS','bNXe7t6rSXuPO0GbvpkMnA',0,2,0);
INSERT INTO "Battles_Alliances" VALUES (68178274,'POE','aE8QATe2RUCJU0d23y_w2w',2,0,36872);
INSERT INTO "Battles_Alliances" VALUES (68178274,'AGRO','K0LYGzcfSReQp4pt6c0sCQ',0,4,0);
INSERT INTO "Battles_Alliances" VALUES (68178247,'BEE','T5Qh7oogTTWKzr9HhUxX_w',0,1,0);
INSERT INTO "Battles_Alliances" VALUES (68178247,'POE','aE8QATe2RUCJU0d23y_w2w',0,1,0);
INSERT INTO "Battles_Alliances" VALUES (68178247,'SEND','oU5RS9WOTdaw8JgfbBK7wA',0,0,7659);
INSERT INTO "Battles_Alliances" VALUES (68178206,'SEA','lLWO9hnUTjy_cAduk0Zelw',0,6,0);
INSERT INTO "Battles_Alliances" VALUES (68178206,'MOBS','bNXe7t6rSXuPO0GbvpkMnA',6,0,687189);
INSERT INTO "Battles_Alliances" VALUES (68178201,'1941','cP1ObDONQTOEx5W7KqZQKw',0,1,0);
INSERT INTO "Battles_Alliances" VALUES (68178201,'POE','aE8QATe2RUCJU0d23y_w2w',3,0,38151);
INSERT INTO "Battles_Alliances" VALUES (68178201,'ARCH','hRqowi9bTw6o44R0bsmIUw',1,1,38151);
INSERT INTO "Battles_Alliances" VALUES (68178169,'BACON','YTDHbAP-SA2l7cjRviSGJg',0,3,0);
INSERT INTO "Battles_Alliances" VALUES (68178169,'SEND','oU5RS9WOTdaw8JgfbBK7wA',3,0,191153);
INSERT INTO "Battles_Alliances" VALUES (68178074,'LIONS','JUFJMAiQT6K3AXxp90QThQ',4,0,14665);
INSERT INTO "Battles_Alliances" VALUES (68177966,'1941','cP1ObDONQTOEx5W7KqZQKw',0,1,0);
INSERT INTO "Battles_Alliances" VALUES (68177966,'POE','aE8QATe2RUCJU0d23y_w2w',5,0,59085);
INSERT INTO "Battles_Alliances" VALUES (68177891,'MOBS','bNXe7t6rSXuPO0GbvpkMnA',0,1,0);
INSERT INTO "Battles_Alliances" VALUES (68177891,'WJCNM','AGvkJVclQuqsSTl0CyxAvg',0,1,0);
INSERT INTO "Battles_Alliances" VALUES (68177891,'SURF','2dPEm_9DTAOFV1JTENHZ8g',0,1,0);
INSERT INTO "Battles_Alliances" VALUES (68177891,'ARCH','hRqowi9bTw6o44R0bsmIUw',0,1,0);
INSERT INTO "Battles_Alliances" VALUES (68177891,'SEND','oU5RS9WOTdaw8JgfbBK7wA',1,1,40125);
INSERT INTO "Battles_Alliances" VALUES (68177840,'POE','aE8QATe2RUCJU0d23y_w2w',1,1,48754);
INSERT INTO "Battles_Alliances" VALUES (68177840,'SEND','oU5RS9WOTdaw8JgfbBK7wA',0,0,4840);
INSERT INTO "Battles_Alliances" VALUES (68177774,'ARCH','hRqowi9bTw6o44R0bsmIUw',3,0,20341);
INSERT INTO "Battles_Alliances" VALUES (68177763,'SEA','lLWO9hnUTjy_cAduk0Zelw',1,3,70060);
INSERT INTO "Battles_Alliances" VALUES (68177763,'FUR','EM6ZKSFLSNW2mnA_BKwILQ',1,0,7992);
INSERT INTO "Battles_Alliances" VALUES (68177763,'BEE','T5Qh7oogTTWKzr9HhUxX_w',0,1,0);
INSERT INTO "Battles_Alliances" VALUES (68177763,'POE','aE8QATe2RUCJU0d23y_w2w',1,0,50146);
INSERT INTO "Battles_Alliances" VALUES (68177763,'rBr','63BweWArR9qXmkZh1vs70A',0,0,9814);
INSERT INTO "Battles_Alliances" VALUES (68177729,'LAUGH','KzU2GJx2TVePNhCx3CnSwA',3,0,16272);
INSERT INTO "Battles_Alliances" VALUES (68177558,'SEA','lLWO9hnUTjy_cAduk0Zelw',0,2,0);
INSERT INTO "Battles_Alliances" VALUES (68177558,'MOBS','bNXe7t6rSXuPO0GbvpkMnA',3,0,216519);
INSERT INTO "Battles_Alliances" VALUES (68177505,'1941','cP1ObDONQTOEx5W7KqZQKw',0,1,0);
INSERT INTO "Battles_Alliances" VALUES (68177505,'POE','aE8QATe2RUCJU0d23y_w2w',1,0,35889);
INSERT INTO "Battles_Alliances" VALUES (68177505,'ARCH','hRqowi9bTw6o44R0bsmIUw',2,1,35889);
INSERT INTO "Battles_Alliances" VALUES (68177404,'RUSH','t3rQr1yPSlSb2L0PwP6RzQ',0,1,53097);
INSERT INTO "Battles_Alliances" VALUES (68177404,'WJCNM','AGvkJVclQuqsSTl0CyxAvg',2,1,262090);
INSERT INTO "Battles_Alliances" VALUES (68177404,'ARCH','hRqowi9bTw6o44R0bsmIUw',1,1,53097);
INSERT INTO "Battles_Alliances" VALUES (68177339,'SEA','lLWO9hnUTjy_cAduk0Zelw',0,2,0);
INSERT INTO "Battles_Alliances" VALUES (68177339,'GBR','WGp8bBGYQoO1bQV0DwCmlA',2,0,74342);
INSERT INTO "Battles_Alliances" VALUES (68177339,'ARCH','hRqowi9bTw6o44R0bsmIUw',1,0,13954);
INSERT INTO "Battles_Alliances" VALUES (68177277,'S8','mBWLvxChQ3-rIy_SKFSaoA',3,0,43947);
INSERT INTO "Battles_Alliances" VALUES (68177182,'ARCH','hRqowi9bTw6o44R0bsmIUw',3,0,0);
INSERT INTO "Battles_Alliances" VALUES (68176987,'1941','cP1ObDONQTOEx5W7KqZQKw',0,1,0);
INSERT INTO "Battles_Alliances" VALUES (68176987,'POE','aE8QATe2RUCJU0d23y_w2w',4,0,25825);
INSERT INTO "Battles_Alliances" VALUES (68176936,'MOBS','bNXe7t6rSXuPO0GbvpkMnA',1,0,9129);
INSERT INTO "Battles_Alliances" VALUES (68176936,'WJCNM','AGvkJVclQuqsSTl0CyxAvg',0,0,9129);
INSERT INTO "Battles_Alliances" VALUES (68176936,'SURF','2dPEm_9DTAOFV1JTENHZ8g',1,0,9129);
INSERT INTO "Battles_Alliances" VALUES (68176936,'TMNT','bgbI1c5yR4KCDNSGXg9ogA',3,0,9129);
INSERT INTO "Battles_Alliances" VALUES (68176852,'ARCH','hRqowi9bTw6o44R0bsmIUw',0,12,0);
INSERT INTO "Battles_Alliances" VALUES (68176765,'LIONS','JUFJMAiQT6K3AXxp90QThQ',0,5,0);
INSERT INTO "Battles_Alliances" VALUES (68176765,'SEND','oU5RS9WOTdaw8JgfbBK7wA',1,0,8408);
INSERT INTO "Battles_Alliances" VALUES (68176668,'POE','aE8QATe2RUCJU0d23y_w2w',1,0,40811);
INSERT INTO "Battles_Alliances" VALUES (68176668,'ARCH','hRqowi9bTw6o44R0bsmIUw',2,0,40811);
INSERT INTO "Battles_Alliances" VALUES (68176650,'ARCH','hRqowi9bTw6o44R0bsmIUw',3,1,141923);
INSERT INTO "Battles_Alliances" VALUES (68176546,'SEA','lLWO9hnUTjy_cAduk0Zelw',4,0,312096);
INSERT INTO "Battles_Alliances" VALUES (68176464,'YOU','LBTSihgiTZ-4ip-mX8E24Q',0,1,0);
INSERT INTO "Battles_Alliances" VALUES (68176464,'VOICE','elLRA-LKQ1yJlshWVPOALw',0,1,0);
INSERT INTO "Battles_Alliances" VALUES (68176163,'SEA','lLWO9hnUTjy_cAduk0Zelw',6,7,147350);
INSERT INTO "Battles_Alliances" VALUES (68176163,'BEE','T5Qh7oogTTWKzr9HhUxX_w',1,0,23226);
INSERT INTO "Battles_Alliances" VALUES (68176163,'POE','aE8QATe2RUCJU0d23y_w2w',3,0,141790);
INSERT INTO "Battles_Alliances" VALUES (68176163,'BACON','YTDHbAP-SA2l7cjRviSGJg',0,1,0);
INSERT INTO "Battles_Alliances" VALUES (68176125,'ARCH','hRqowi9bTw6o44R0bsmIUw',0,0,40796);
INSERT INTO "Battles_Alliances" VALUES (68176125,'BACON','YTDHbAP-SA2l7cjRviSGJg',0,4,0);
INSERT INTO "Battles_Alliances" VALUES (68176034,'S8','mBWLvxChQ3-rIy_SKFSaoA',3,0,225817);
INSERT INTO "Battles_Alliances" VALUES (68175944,'xPOE','Cqs1_GJqRgqfHYnhtZb5Xg',0,2,0);
INSERT INTO "Battles_Alliances" VALUES (68175934,'SEA','lLWO9hnUTjy_cAduk0Zelw',2,1,79028);
INSERT INTO "Battles_Alliances" VALUES (68175818,'CLAP','XU4UiktARxKl2IcxPXJ9Sg',1,2,69160);
INSERT INTO "Battles_Alliances" VALUES (68175785,'SEND','oU5RS9WOTdaw8JgfbBK7wA',2,0,58091);
INSERT INTO "Battles_Alliances" VALUES (68175645,'POE','aE8QATe2RUCJU0d23y_w2w',8,8,124702);
INSERT INTO "Battles_Alliances" VALUES (68175637,'LIONS','JUFJMAiQT6K3AXxp90QThQ',0,5,0);
INSERT INTO "Battles_Alliances" VALUES (68175543,'SEA','lLWO9hnUTjy_cAduk0Zelw',5,5,367608);
INSERT INTO "Battles_Alliances" VALUES (68175543,'FUR','EM6ZKSFLSNW2mnA_BKwILQ',0,1,0);
INSERT INTO "Battles_Alliances" VALUES (68175543,'BEE','T5Qh7oogTTWKzr9HhUxX_w',0,1,0);
INSERT INTO "Battles_Alliances" VALUES (68175543,'POE','aE8QATe2RUCJU0d23y_w2w',4,2,351758);
INSERT INTO "Battles_Alliances" VALUES (68175488,'YOU','LBTSihgiTZ-4ip-mX8E24Q',0,6,0);
INSERT INTO "Battles_Alliances" VALUES (68175488,'SEND','oU5RS9WOTdaw8JgfbBK7wA',5,0,420789);
INSERT INTO "Battles_Alliances" VALUES (68175392,'1941','cP1ObDONQTOEx5W7KqZQKw',1,5,117384);
INSERT INTO "Battles_Alliances" VALUES (68175392,'TRETA','hT_9XU1wTe6qWeTDJyIpDg',5,1,725434);
INSERT INTO "Battles_Alliances" VALUES (68175251,'SEA','lLWO9hnUTjy_cAduk0Zelw',2,1,15732);
INSERT INTO "Battles_Alliances" VALUES (68175251,'LIONS','JUFJMAiQT6K3AXxp90QThQ',1,2,29967);
INSERT INTO "Battles_Alliances" VALUES (68175214,'ARCH','hRqowi9bTw6o44R0bsmIUw',1,0,8408);
INSERT INTO "Battles_Alliances" VALUES (68175214,'LIONS','JUFJMAiQT6K3AXxp90QThQ',0,5,0);
INSERT INTO "Battles_Alliances" VALUES (68174934,'SEND','oU5RS9WOTdaw8JgfbBK7wA',2,2,415075);
INSERT INTO "Battles_Alliances" VALUES (68174934,'ASF','stJFoqfGS0KHTCi1tbSAnw',0,1,0);
INSERT INTO "Battles_Alliances" VALUES (68174900,'S8','mBWLvxChQ3-rIy_SKFSaoA',1,0,83640);
INSERT INTO "Battles_Alliances" VALUES (68174900,'LIONS','JUFJMAiQT6K3AXxp90QThQ',0,2,0);
INSERT INTO "Battles_Alliances" VALUES (68178987,'YOU','LBTSihgiTZ-4ip-mX8E24Q',3,0,112787);
INSERT INTO "Battles_Alliances" VALUES (68178962,'POE','aE8QATe2RUCJU0d23y_w2w',5,0,50195);
INSERT INTO "Battles_Alliances" VALUES (68178962,'AGRO','K0LYGzcfSReQp4pt6c0sCQ',1,5,8550);
INSERT INTO "Battles_Alliances" VALUES (68178867,'BEE','T5Qh7oogTTWKzr9HhUxX_w',0,1,0);
INSERT INTO "Battles_Alliances" VALUES (68178867,'MIGHT','HaDJDxUDSRmp3XSDhgR0Iw',0,1,0);
INSERT INTO "Battles_Alliances" VALUES (68178867,'SEND','oU5RS9WOTdaw8JgfbBK7wA',0,1,1553);
INSERT INTO "Battles_Alliances" VALUES (68178869,'MOBS','bNXe7t6rSXuPO0GbvpkMnA',0,2,0);
INSERT INTO "Battles_Alliances" VALUES (68178869,'LIONS','JUFJMAiQT6K3AXxp90QThQ',2,2,12478);
INSERT INTO "Battles_Alliances" VALUES (68178869,'PAX','ku0L4BJqRCe3OQhBsio2xA',2,1,127218);
INSERT INTO "Battles_Alliances" VALUES (68179233,'POE','aE8QATe2RUCJU0d23y_w2w',0,2,0);
INSERT INTO "Battles_Alliances" VALUES (68179233,'ARCH','hRqowi9bTw6o44R0bsmIUw',2,0,848488);
INSERT INTO "Battles_Alliances" VALUES (68179145,'BACON','YTDHbAP-SA2l7cjRviSGJg',0,3,0);
COMMIT;
